video_id,label
01-02-01-01-01-01-01,neutral
01-02-01-01-01-02-01,neutral
01-02-01-01-02-01-01,neutral
01-02-01-01-02-02-01,neutral
01-02-02-01-01-01-01,neutral
01-02-02-01-01-02-01,neutral
01-02-02-01-02-01-01,neutral
01-02-02-01-02-02-01,neutral
01-02-02-02-01-01-01,neutral
01-02-02-02-01-02-01,neutral
01-02-02-02-02-01-01,neutral
01-02-02-02-02-02-01,neutral
01-02-03-01-01-01-01,joy
01-02-03-01-01-02-01,joy
01-02-03-01-02-01-01,joy
01-02-03-01-02-02-01,joy
01-02-03-02-01-01-01,joy
01-02-03-02-01-02-01,joy
01-02-03-02-02-01-01,joy
01-02-03-02-02-02-01,joy
01-02-04-01-01-01-01,sadness
01-02-04-01-01-02-01,sadness
01-02-04-01-02-01-01,sadness
01-02-04-01-02-02-01,sadness
01-02-04-02-01-01-01,sadness
01-02-04-02-01-02-01,sadness
01-02-04-02-02-01-01,sadness
01-02-04-02-02-02-01,sadness
01-02-05-01-01-01-01,anger
01-02-05-01-01-02-01,anger
01-02-05-01-02-01-01,anger
01-02-05-01-02-02-01,anger
01-02-05-02-01-01-01,anger
01-02-05-02-01-02-01,anger
01-02-05-02-02-01-01,anger
01-02-05-02-02-02-01,anger
01-02-06-01-01-01-01,fear
01-02-06-01-01-02-01,fear
01-02-06-01-02-01-01,fear
01-02-06-01-02-02-01,fear
01-02-06-02-01-01-01,fear
01-02-06-02-01-02-01,fear
01-02-06-02-02-01-01,fear
01-02-06-02-02-02-01,fear
02-02-01-01-01-01-01,neutral
02-02-01-01-01-02-01,neutral
02-02-01-01-02-01-01,neutral
02-02-01-01-02-02-01,neutral
02-02-02-01-01-01-01,neutral
02-02-02-01-01-02-01,neutral
02-02-02-01-02-01-01,neutral
02-02-02-01-02-02-01,neutral
02-02-02-02-01-01-01,neutral
02-02-02-02-01-02-01,neutral
02-02-02-02-02-01-01,neutral
02-02-02-02-02-02-01,neutral
02-02-03-01-01-01-01,joy
02-02-03-01-01-02-01,joy
02-02-03-01-02-01-01,joy
02-02-03-01-02-02-01,joy
02-02-03-02-01-01-01,joy
02-02-03-02-01-02-01,joy
02-02-03-02-02-01-01,joy
02-02-03-02-02-02-01,joy
02-02-04-01-01-01-01,sadness
02-02-04-01-01-02-01,sadness
02-02-04-01-02-01-01,sadness
02-02-04-01-02-02-01,sadness
02-02-04-02-01-01-01,sadness
02-02-04-02-01-02-01,sadness
02-02-04-02-02-01-01,sadness
02-02-04-02-02-02-01,sadness
02-02-05-01-01-01-01,anger
02-02-05-01-01-02-01,anger
02-02-05-01-02-01-01,anger
02-02-05-01-02-02-01,anger
02-02-05-02-01-01-01,anger
02-02-05-02-01-02-01,anger
02-02-05-02-02-01-01,anger
02-02-05-02-02-02-01,anger
02-02-06-01-01-01-01,fear
02-02-06-01-01-02-01,fear
02-02-06-01-02-01-01,fear
02-02-06-01-02-02-01,fear
02-02-06-02-01-01-01,fear
02-02-06-02-01-02-01,fear
02-02-06-02-02-01-01,fear
02-02-06-02-02-02-01,fear
01-02-01-01-01-01-02,neutral
01-02-01-01-01-02-02,neutral
01-02-01-01-02-01-02,neutral
01-02-01-01-02-02-02,neutral
01-02-02-01-01-01-02,neutral
01-02-02-01-01-02-02,neutral
01-02-02-01-02-01-02,neutral
01-02-02-01-02-02-02,neutral
01-02-02-02-01-01-02,neutral
01-02-02-02-01-02-02,neutral
01-02-02-02-02-01-02,neutral
01-02-02-02-02-02-02,neutral
01-02-03-01-01-01-02,joy
01-02-03-01-01-02-02,joy
01-02-03-01-02-01-02,joy
01-02-03-01-02-02-02,joy
01-02-03-02-01-01-02,joy
01-02-03-02-01-02-02,joy
01-02-03-02-02-01-02,joy
01-02-03-02-02-02-02,joy
01-02-04-01-01-01-02,sadness
01-02-04-01-01-02-02,sadness
01-02-04-01-02-01-02,sadness
01-02-04-01-02-02-02,sadness
01-02-04-02-01-01-02,sadness
01-02-04-02-01-02-02,sadness
01-02-04-02-02-01-02,sadness
01-02-04-02-02-02-02,sadness
01-02-05-01-01-01-02,anger
01-02-05-01-01-02-02,anger
01-02-05-01-02-01-02,anger
01-02-05-01-02-02-02,anger
01-02-05-02-01-01-02,anger
01-02-05-02-01-02-02,anger
01-02-05-02-02-01-02,anger
01-02-05-02-02-02-02,anger
01-02-06-01-01-01-02,fear
01-02-06-01-01-02-02,fear
01-02-06-01-02-01-02,fear
01-02-06-01-02-02-02,fear
01-02-06-02-01-01-02,fear
01-02-06-02-01-02-02,fear
01-02-06-02-02-01-02,fear
01-02-06-02-02-02-02,fear
02-02-01-01-01-01-02,neutral
02-02-01-01-01-02-02,neutral
02-02-01-01-02-01-02,neutral
02-02-01-01-02-02-02,neutral
02-02-02-01-01-01-02,neutral
02-02-02-01-01-02-02,neutral
02-02-02-01-02-01-02,neutral
02-02-02-01-02-02-02,neutral
02-02-02-02-01-01-02,neutral
02-02-02-02-01-02-02,neutral
02-02-02-02-02-01-02,neutral
02-02-02-02-02-02-02,neutral
02-02-03-01-01-01-02,joy
02-02-03-01-01-02-02,joy
02-02-03-01-02-01-02,joy
02-02-03-01-02-02-02,joy
02-02-03-02-01-01-02,joy
02-02-03-02-01-02-02,joy
02-02-03-02-02-01-02,joy
02-02-03-02-02-02-02,joy
02-02-04-01-01-01-02,sadness
02-02-04-01-01-02-02,sadness
02-02-04-01-02-01-02,sadness
02-02-04-01-02-02-02,sadness
02-02-04-02-01-01-02,sadness
02-02-04-02-01-02-02,sadness
02-02-04-02-02-01-02,sadness
02-02-04-02-02-02-02,sadness
02-02-05-01-01-01-02,anger
02-02-05-01-01-02-02,anger
02-02-05-01-02-01-02,anger
02-02-05-01-02-02-02,anger
02-02-05-02-01-01-02,anger
02-02-05-02-01-02-02,anger
02-02-05-02-02-01-02,anger
02-02-05-02-02-02-02,anger
02-02-06-01-01-01-02,fear
02-02-06-01-01-02-02,fear
02-02-06-01-02-01-02,fear
02-02-06-01-02-02-02,fear
02-02-06-02-01-01-02,fear
02-02-06-02-01-02-02,fear
02-02-06-02-02-01-02,fear
02-02-06-02-02-02-02,fear
01-02-01-01-01-01-03,neutral
01-02-01-01-01-02-03,neutral
01-02-01-01-02-01-03,neutral
01-02-01-01-02-02-03,neutral
01-02-02-01-01-01-03,neutral
01-02-02-01-01-02-03,neutral
01-02-02-01-02-01-03,neutral
01-02-02-01-02-02-03,neutral
01-02-02-02-01-01-03,neutral
01-02-02-02-01-02-03,neutral
01-02-02-02-02-01-03,neutral
01-02-02-02-02-02-03,neutral
01-02-03-01-01-01-03,joy
01-02-03-01-01-02-03,joy
01-02-03-01-02-01-03,joy
01-02-03-01-02-02-03,joy
01-02-03-02-01-01-03,joy
01-02-03-02-01-02-03,joy
01-02-03-02-02-01-03,joy
01-02-03-02-02-02-03,joy
01-02-04-01-01-01-03,sadness
01-02-04-01-01-02-03,sadness
01-02-04-01-02-01-03,sadness
01-02-04-01-02-02-03,sadness
01-02-04-02-01-01-03,sadness
01-02-04-02-01-02-03,sadness
01-02-04-02-02-01-03,sadness
01-02-04-02-02-02-03,sadness
01-02-05-01-01-01-03,anger
01-02-05-01-01-02-03,anger
01-02-05-01-02-01-03,anger
01-02-05-01-02-02-03,anger
01-02-05-02-01-01-03,anger
01-02-05-02-01-02-03,anger
01-02-05-02-02-01-03,anger
01-02-05-02-02-02-03,anger
01-02-06-01-01-01-03,fear
01-02-06-01-01-02-03,fear
01-02-06-01-02-01-03,fear
01-02-06-01-02-02-03,fear
01-02-06-02-01-01-03,fear
01-02-06-02-01-02-03,fear
01-02-06-02-02-01-03,fear
01-02-06-02-02-02-03,fear
02-02-01-01-01-01-03,neutral
02-02-01-01-01-02-03,neutral
02-02-01-01-02-01-03,neutral
02-02-01-01-02-02-03,neutral
02-02-02-01-01-01-03,neutral
02-02-02-01-01-02-03,neutral
02-02-02-01-02-01-03,neutral
02-02-02-01-02-02-03,neutral
02-02-02-02-01-01-03,neutral
02-02-02-02-01-02-03,neutral
02-02-02-02-02-01-03,neutral
02-02-02-02-02-02-03,neutral
02-02-03-01-01-01-03,joy
02-02-03-01-01-02-03,joy
02-02-03-01-02-01-03,joy
02-02-03-01-02-02-03,joy
02-02-03-02-01-01-03,joy
02-02-03-02-01-02-03,joy
02-02-03-02-02-01-03,joy
02-02-03-02-02-02-03,joy
02-02-04-01-01-01-03,sadness
02-02-04-01-01-02-03,sadness
02-02-04-01-02-01-03,sadness
02-02-04-01-02-02-03,sadness
02-02-04-02-01-01-03,sadness
02-02-04-02-01-02-03,sadness
02-02-04-02-02-01-03,sadness
02-02-04-02-02-02-03,sadness
02-02-05-01-01-01-03,anger
02-02-05-01-01-02-03,anger
02-02-05-01-02-01-03,anger
02-02-05-01-02-02-03,anger
02-02-05-02-01-01-03,anger
02-02-05-02-01-02-03,anger
02-02-05-02-02-01-03,anger
02-02-05-02-02-02-03,anger
02-02-06-01-01-01-03,fear
02-02-06-01-01-02-03,fear
02-02-06-01-02-01-03,fear
02-02-06-01-02-02-03,fear
02-02-06-02-01-01-03,fear
02-02-06-02-01-02-03,fear
02-02-06-02-02-01-03,fear
02-02-06-02-02-02-03,fear
01-02-01-01-01-01-04,neutral
01-02-01-01-01-02-04,neutral
01-02-01-01-02-01-04,neutral
01-02-01-01-02-02-04,neutral
01-02-02-01-01-01-04,neutral
01-02-02-01-01-02-04,neutral
01-02-02-01-02-01-04,neutral
01-02-02-01-02-02-04,neutral
01-02-02-02-01-01-04,neutral
01-02-02-02-01-02-04,neutral
01-02-02-02-02-01-04,neutral
01-02-02-02-02-02-04,neutral
01-02-03-01-01-01-04,joy
01-02-03-01-01-02-04,joy
01-02-03-01-02-01-04,joy
01-02-03-01-02-02-04,joy
01-02-03-02-01-01-04,joy
01-02-03-02-01-02-04,joy
01-02-03-02-02-01-04,joy
01-02-03-02-02-02-04,joy
01-02-04-01-01-01-04,sadness
01-02-04-01-01-02-04,sadness
01-02-04-01-02-01-04,sadness
01-02-04-01-02-02-04,sadness
01-02-04-02-01-01-04,sadness
01-02-04-02-01-02-04,sadness
01-02-04-02-02-01-04,sadness
01-02-04-02-02-02-04,sadness
01-02-05-01-01-01-04,anger
01-02-05-01-01-02-04,anger
01-02-05-01-02-01-04,anger
01-02-05-01-02-02-04,anger
01-02-05-02-01-01-04,anger
01-02-05-02-01-02-04,anger
01-02-05-02-02-01-04,anger
01-02-05-02-02-02-04,anger
01-02-06-01-01-01-04,fear
01-02-06-01-01-02-04,fear
01-02-06-01-02-01-04,fear
01-02-06-01-02-02-04,fear
01-02-06-02-01-01-04,fear
01-02-06-02-01-02-04,fear
01-02-06-02-02-01-04,fear
01-02-06-02-02-02-04,fear
02-02-01-01-01-01-04,neutral
02-02-01-01-01-02-04,neutral
02-02-01-01-02-01-04,neutral
02-02-01-01-02-02-04,neutral
02-02-02-01-01-01-04,neutral
02-02-02-01-01-02-04,neutral
02-02-02-01-02-01-04,neutral
02-02-02-01-02-02-04,neutral
02-02-02-02-01-01-04,neutral
02-02-02-02-01-02-04,neutral
02-02-02-02-02-01-04,neutral
02-02-02-02-02-02-04,neutral
02-02-03-01-01-01-04,joy
02-02-03-01-01-02-04,joy
02-02-03-01-02-01-04,joy
02-02-03-01-02-02-04,joy
02-02-03-02-01-01-04,joy
02-02-03-02-01-02-04,joy
02-02-03-02-02-01-04,joy
02-02-03-02-02-02-04,joy
02-02-04-01-01-01-04,sadness
02-02-04-01-01-02-04,sadness
02-02-04-01-02-01-04,sadness
02-02-04-01-02-02-04,sadness
02-02-04-02-01-01-04,sadness
02-02-04-02-01-02-04,sadness
02-02-04-02-02-01-04,sadness
02-02-04-02-02-02-04,sadness
02-02-05-01-01-01-04,anger
02-02-05-01-01-02-04,anger
02-02-05-01-02-01-04,anger
02-02-05-01-02-02-04,anger
02-02-05-02-01-01-04,anger
02-02-05-02-01-02-04,anger
02-02-05-02-02-01-04,anger
02-02-05-02-02-02-04,anger
02-02-06-01-01-01-04,fear
02-02-06-01-01-02-04,fear
02-02-06-01-02-01-04,fear
02-02-06-01-02-02-04,fear
02-02-06-02-01-01-04,fear
02-02-06-02-01-02-04,fear
02-02-06-02-02-01-04,fear
02-02-06-02-02-02-04,fear
01-02-01-01-01-01-05,neutral
01-02-01-01-01-02-05,neutral
01-02-01-01-02-01-05,neutral
01-02-01-01-02-02-05,neutral
01-02-02-01-01-01-05,neutral
01-02-02-01-01-02-05,neutral
01-02-02-01-02-01-05,neutral
01-02-02-01-02-02-05,neutral
01-02-02-02-01-01-05,neutral
01-02-02-02-01-02-05,neutral
01-02-02-02-02-01-05,neutral
01-02-02-02-02-02-05,neutral
01-02-03-01-01-01-05,joy
01-02-03-01-01-02-05,joy
01-02-03-01-02-01-05,joy
01-02-03-01-02-02-05,joy
01-02-03-02-01-01-05,joy
01-02-03-02-01-02-05,joy
01-02-03-02-02-01-05,joy
01-02-03-02-02-02-05,joy
01-02-04-01-01-01-05,sadness
01-02-04-01-01-02-05,sadness
01-02-04-01-02-01-05,sadness
01-02-04-01-02-02-05,sadness
01-02-04-02-01-01-05,sadness
01-02-04-02-01-02-05,sadness
01-02-04-02-02-01-05,sadness
01-02-04-02-02-02-05,sadness
01-02-05-01-01-01-05,anger
01-02-05-01-01-02-05,anger
01-02-05-01-02-01-05,anger
01-02-05-01-02-02-05,anger
01-02-05-02-01-01-05,anger
01-02-05-02-01-02-05,anger
01-02-05-02-02-01-05,anger
01-02-05-02-02-02-05,anger
01-02-06-01-01-01-05,fear
01-02-06-01-01-02-05,fear
01-02-06-01-02-01-05,fear
01-02-06-01-02-02-05,fear
01-02-06-02-01-01-05,fear
01-02-06-02-01-02-05,fear
01-02-06-02-02-01-05,fear
01-02-06-02-02-02-05,fear
02-02-01-01-01-01-05,neutral
02-02-01-01-01-02-05,neutral
02-02-01-01-02-01-05,neutral
02-02-01-01-02-02-05,neutral
02-02-02-01-01-01-05,neutral
02-02-02-01-01-02-05,neutral
02-02-02-01-02-01-05,neutral
02-02-02-01-02-02-05,neutral
02-02-02-02-01-01-05,neutral
02-02-02-02-01-02-05,neutral
02-02-02-02-02-01-05,neutral
02-02-02-02-02-02-05,neutral
02-02-03-01-01-01-05,joy
02-02-03-01-01-02-05,joy
02-02-03-01-02-01-05,joy
02-02-03-01-02-02-05,joy
02-02-03-02-01-01-05,joy
02-02-03-02-01-02-05,joy
02-02-03-02-02-01-05,joy
02-02-03-02-02-02-05,joy
02-02-04-01-01-01-05,sadness
02-02-04-01-01-02-05,sadness
02-02-04-01-02-01-05,sadness
02-02-04-01-02-02-05,sadness
02-02-04-02-01-01-05,sadness
02-02-04-02-01-02-05,sadness
02-02-04-02-02-01-05,sadness
02-02-04-02-02-02-05,sadness
02-02-05-01-01-01-05,anger
02-02-05-01-01-02-05,anger
02-02-05-01-02-01-05,anger
02-02-05-01-02-02-05,anger
02-02-05-02-01-01-05,anger
02-02-05-02-01-02-05,anger
02-02-05-02-02-01-05,anger
02-02-05-02-02-02-05,anger
02-02-06-01-01-01-05,fear
02-02-06-01-01-02-05,fear
02-02-06-01-02-01-05,fear
02-02-06-01-02-02-05,fear
02-02-06-02-01-01-05,fear
02-02-06-02-01-02-05,fear
02-02-06-02-02-01-05,fear
02-02-06-02-02-02-05,fear
01-02-01-01-01-01-06,neutral
01-02-01-01-01-02-06,neutral
01-02-01-01-02-01-06,neutral
01-02-01-01-02-02-06,neutral
01-02-02-01-01-01-06,neutral
01-02-02-01-01-02-06,neutral
01-02-02-01-02-01-06,neutral
01-02-02-01-02-02-06,neutral
01-02-02-02-01-01-06,neutral
01-02-02-02-01-02-06,neutral
01-02-02-02-02-01-06,neutral
01-02-02-02-02-02-06,neutral
01-02-03-01-01-01-06,joy
01-02-03-01-01-02-06,joy
01-02-03-01-02-01-06,joy
01-02-03-01-02-02-06,joy
01-02-03-02-01-01-06,joy
01-02-03-02-01-02-06,joy
01-02-03-02-02-01-06,joy
01-02-03-02-02-02-06,joy
01-02-04-01-01-01-06,sadness
01-02-04-01-01-02-06,sadness
01-02-04-01-02-01-06,sadness
01-02-04-01-02-02-06,sadness
01-02-04-02-01-01-06,sadness
01-02-04-02-01-02-06,sadness
01-02-04-02-02-01-06,sadness
01-02-04-02-02-02-06,sadness
01-02-05-01-01-01-06,anger
01-02-05-01-01-02-06,anger
01-02-05-01-02-01-06,anger
01-02-05-01-02-02-06,anger
01-02-05-02-01-01-06,anger
01-02-05-02-01-02-06,anger
01-02-05-02-02-01-06,anger
01-02-05-02-02-02-06,anger
01-02-06-01-01-01-06,fear
01-02-06-01-01-02-06,fear
01-02-06-01-02-01-06,fear
01-02-06-01-02-02-06,fear
01-02-06-02-01-01-06,fear
01-02-06-02-01-02-06,fear
01-02-06-02-02-01-06,fear
01-02-06-02-02-02-06,fear
02-02-01-01-01-01-06,neutral
02-02-01-01-01-02-06,neutral
02-02-01-01-02-01-06,neutral
02-02-01-01-02-02-06,neutral
02-02-02-01-01-01-06,neutral
02-02-02-01-01-02-06,neutral
02-02-02-01-02-01-06,neutral
02-02-02-01-02-02-06,neutral
02-02-02-02-01-01-06,neutral
02-02-02-02-01-02-06,neutral
02-02-02-02-02-01-06,neutral
02-02-02-02-02-02-06,neutral
02-02-03-01-01-01-06,joy
02-02-03-01-01-02-06,joy
02-02-03-01-02-01-06,joy
02-02-03-01-02-02-06,joy
02-02-03-02-01-01-06,joy
02-02-03-02-01-02-06,joy
02-02-03-02-02-01-06,joy
02-02-03-02-02-02-06,joy
02-02-04-01-01-01-06,sadness
02-02-04-01-01-02-06,sadness
02-02-04-01-02-01-06,sadness
02-02-04-01-02-02-06,sadness
02-02-04-02-01-01-06,sadness
02-02-04-02-01-02-06,sadness
02-02-04-02-02-01-06,sadness
02-02-04-02-02-02-06,sadness
02-02-05-01-01-01-06,anger
02-02-05-01-01-02-06,anger
02-02-05-01-02-01-06,anger
02-02-05-01-02-02-06,anger
02-02-05-02-01-01-06,anger
02-02-05-02-01-02-06,anger
02-02-05-02-02-01-06,anger
02-02-05-02-02-02-06,anger
02-02-06-01-01-01-06,fear
02-02-06-01-01-02-06,fear
02-02-06-01-02-01-06,fear
02-02-06-01-02-02-06,fear
02-02-06-02-01-01-06,fear
02-02-06-02-01-02-06,fear
02-02-06-02-02-01-06,fear
02-02-06-02-02-02-06,fear
01-02-01-01-01-01-07,neutral
01-02-01-01-01-02-07,neutral
01-02-01-01-02-01-07,neutral
01-02-01-01-02-02-07,neutral
01-02-02-01-01-01-07,neutral
01-02-02-01-01-02-07,neutral
01-02-02-01-02-01-07,neutral
01-02-02-01-02-02-07,neutral
01-02-02-02-01-01-07,neutral
01-02-02-02-01-02-07,neutral
01-02-02-02-02-01-07,neutral
01-02-02-02-02-02-07,neutral
01-02-03-01-01-01-07,joy
01-02-03-01-01-02-07,joy
01-02-03-01-02-01-07,joy
01-02-03-01-02-02-07,joy
01-02-03-02-01-01-07,joy
01-02-03-02-01-02-07,joy
01-02-03-02-02-01-07,joy
01-02-03-02-02-02-07,joy
01-02-04-01-01-01-07,sadness
01-02-04-01-01-02-07,sadness
01-02-04-01-02-01-07,sadness
01-02-04-01-02-02-07,sadness
01-02-04-02-01-01-07,sadness
01-02-04-02-01-02-07,sadness
01-02-04-02-02-01-07,sadness
01-02-04-02-02-02-07,sadness
01-02-05-01-01-01-07,anger
01-02-05-01-01-02-07,anger
01-02-05-01-02-01-07,anger
01-02-05-01-02-02-07,anger
01-02-05-02-01-01-07,anger
01-02-05-02-01-02-07,anger
01-02-05-02-02-01-07,anger
01-02-05-02-02-02-07,anger
01-02-06-01-01-01-07,fear
01-02-06-01-01-02-07,fear
01-02-06-01-02-01-07,fear
01-02-06-01-02-02-07,fear
01-02-06-02-01-01-07,fear
01-02-06-02-01-02-07,fear
01-02-06-02-02-01-07,fear
01-02-06-02-02-02-07,fear
02-02-01-01-01-01-07,neutral
02-02-01-01-01-02-07,neutral
02-02-01-01-02-01-07,neutral
02-02-01-01-02-02-07,neutral
02-02-02-01-01-01-07,neutral
02-02-02-01-01-02-07,neutral
02-02-02-01-02-01-07,neutral
02-02-02-01-02-02-07,neutral
02-02-02-02-01-01-07,neutral
02-02-02-02-01-02-07,neutral
02-02-02-02-02-01-07,neutral
02-02-02-02-02-02-07,neutral
02-02-03-01-01-01-07,joy
02-02-03-01-01-02-07,joy
02-02-03-01-02-01-07,joy
02-02-03-01-02-02-07,joy
02-02-03-02-01-01-07,joy
02-02-03-02-01-02-07,joy
02-02-03-02-02-01-07,joy
02-02-03-02-02-02-07,joy
02-02-04-01-01-01-07,sadness
02-02-04-01-01-02-07,sadness
02-02-04-01-02-01-07,sadness
02-02-04-01-02-02-07,sadness
02-02-04-02-01-01-07,sadness
02-02-04-02-01-02-07,sadness
02-02-04-02-02-01-07,sadness
02-02-04-02-02-02-07,sadness
02-02-05-01-01-01-07,anger
02-02-05-01-01-02-07,anger
02-02-05-01-02-01-07,anger
02-02-05-01-02-02-07,anger
02-02-05-02-01-01-07,anger
02-02-05-02-01-02-07,anger
02-02-05-02-02-01-07,anger
02-02-05-02-02-02-07,anger
02-02-06-01-01-01-07,fear
02-02-06-01-01-02-07,fear
02-02-06-01-02-01-07,fear
02-02-06-01-02-02-07,fear
02-02-06-02-01-01-07,fear
02-02-06-02-01-02-07,fear
02-02-06-02-02-01-07,fear
02-02-06-02-02-02-07,fear
01-02-01-01-01-01-08,neutral
01-02-01-01-01-02-08,neutral
01-02-01-01-02-01-08,neutral
01-02-01-01-02-02-08,neutral
01-02-02-01-01-01-08,neutral
01-02-02-01-01-02-08,neutral
01-02-02-01-02-01-08,neutral
01-02-02-01-02-02-08,neutral
01-02-02-02-01-01-08,neutral
01-02-02-02-01-02-08,neutral
01-02-02-02-02-01-08,neutral
01-02-02-02-02-02-08,neutral
01-02-03-01-01-01-08,joy
01-02-03-01-01-02-08,joy
01-02-03-01-02-01-08,joy
01-02-03-01-02-02-08,joy
01-02-03-02-01-01-08,joy
01-02-03-02-01-02-08,joy
01-02-03-02-02-01-08,joy
01-02-03-02-02-02-08,joy
01-02-04-01-01-01-08,sadness
01-02-04-01-01-02-08,sadness
01-02-04-01-02-01-08,sadness
01-02-04-01-02-02-08,sadness
01-02-04-02-01-01-08,sadness
01-02-04-02-01-02-08,sadness
01-02-04-02-02-01-08,sadness
01-02-04-02-02-02-08,sadness
01-02-05-01-01-01-08,anger
01-02-05-01-01-02-08,anger
01-02-05-01-02-01-08,anger
01-02-05-01-02-02-08,anger
01-02-05-02-01-01-08,anger
01-02-05-02-01-02-08,anger
01-02-05-02-02-01-08,anger
01-02-05-02-02-02-08,anger
01-02-06-01-01-01-08,fear
01-02-06-01-01-02-08,fear
01-02-06-01-02-01-08,fear
01-02-06-01-02-02-08,fear
01-02-06-02-01-01-08,fear
01-02-06-02-01-02-08,fear
01-02-06-02-02-01-08,fear
01-02-06-02-02-02-08,fear
02-02-01-01-01-01-08,neutral
02-02-01-01-01-02-08,neutral
02-02-01-01-02-01-08,neutral
02-02-01-01-02-02-08,neutral
02-02-02-01-01-01-08,neutral
02-02-02-01-01-02-08,neutral
02-02-02-01-02-01-08,neutral
02-02-02-01-02-02-08,neutral
02-02-02-02-01-01-08,neutral
02-02-02-02-01-02-08,neutral
02-02-02-02-02-01-08,neutral
02-02-02-02-02-02-08,neutral
02-02-03-01-01-01-08,joy
02-02-03-01-01-02-08,joy
02-02-03-01-02-01-08,joy
02-02-03-01-02-02-08,joy
02-02-03-02-01-01-08,joy
02-02-03-02-01-02-08,joy
02-02-03-02-02-01-08,joy
02-02-03-02-02-02-08,joy
02-02-04-01-01-01-08,sadness
02-02-04-01-01-02-08,sadness
02-02-04-01-02-01-08,sadness
02-02-04-01-02-02-08,sadness
02-02-04-02-01-01-08,sadness
02-02-04-02-01-02-08,sadness
02-02-04-02-02-01-08,sadness
02-02-04-02-02-02-08,sadness
02-02-05-01-01-01-08,anger
02-02-05-01-01-02-08,anger
02-02-05-01-02-01-08,anger
02-02-05-01-02-02-08,anger
02-02-05-02-01-01-08,anger
02-02-05-02-01-02-08,anger
02-02-05-02-02-01-08,anger
02-02-05-02-02-02-08,anger
02-02-06-01-01-01-08,fear
02-02-06-01-01-02-08,fear
02-02-06-01-02-01-08,fear
02-02-06-01-02-02-08,fear
02-02-06-02-01-01-08,fear
02-02-06-02-01-02-08,fear
02-02-06-02-02-01-08,fear
02-02-06-02-02-02-08,fear
01-02-01-01-01-01-09,neutral
01-02-01-01-01-02-09,neutral
01-02-01-01-02-01-09,neutral
01-02-01-01-02-02-09,neutral
01-02-02-01-01-01-09,neutral
01-02-02-01-01-02-09,neutral
01-02-02-01-02-01-09,neutral
01-02-02-01-02-02-09,neutral
01-02-02-02-01-01-09,neutral
01-02-02-02-01-02-09,neutral
01-02-02-02-02-01-09,neutral
01-02-02-02-02-02-09,neutral
01-02-03-01-01-01-09,joy
01-02-03-01-01-02-09,joy
01-02-03-01-02-01-09,joy
01-02-03-01-02-02-09,joy
01-02-03-02-01-01-09,joy
01-02-03-02-01-02-09,joy
01-02-03-02-02-01-09,joy
01-02-03-02-02-02-09,joy
01-02-04-01-01-01-09,sadness
01-02-04-01-01-02-09,sadness
01-02-04-01-02-01-09,sadness
01-02-04-01-02-02-09,sadness
01-02-04-02-01-01-09,sadness
01-02-04-02-01-02-09,sadness
01-02-04-02-02-01-09,sadness
01-02-04-02-02-02-09,sadness
01-02-05-01-01-01-09,anger
01-02-05-01-01-02-09,anger
01-02-05-01-02-01-09,anger
01-02-05-01-02-02-09,anger
01-02-05-02-01-01-09,anger
01-02-05-02-01-02-09,anger
01-02-05-02-02-01-09,anger
01-02-05-02-02-02-09,anger
01-02-06-01-01-01-09,fear
01-02-06-01-01-02-09,fear
01-02-06-01-02-01-09,fear
01-02-06-01-02-02-09,fear
01-02-06-02-01-01-09,fear
01-02-06-02-01-02-09,fear
01-02-06-02-02-01-09,fear
01-02-06-02-02-02-09,fear
02-02-01-01-01-01-09,neutral
02-02-01-01-01-02-09,neutral
02-02-01-01-02-01-09,neutral
02-02-01-01-02-02-09,neutral
02-02-02-01-01-01-09,neutral
02-02-02-01-01-02-09,neutral
02-02-02-01-02-01-09,neutral
02-02-02-01-02-02-09,neutral
02-02-02-02-01-01-09,neutral
02-02-02-02-01-02-09,neutral
02-02-02-02-02-01-09,neutral
02-02-02-02-02-02-09,neutral
02-02-03-01-01-01-09,joy
02-02-03-01-01-02-09,joy
02-02-03-01-02-01-09,joy
02-02-03-01-02-02-09,joy
02-02-03-02-01-01-09,joy
02-02-03-02-01-02-09,joy
02-02-03-02-02-01-09,joy
02-02-03-02-02-02-09,joy
02-02-04-01-01-01-09,sadness
02-02-04-01-01-02-09,sadness
02-02-04-01-02-01-09,sadness
02-02-04-01-02-02-09,sadness
02-02-04-02-01-01-09,sadness
02-02-04-02-01-02-09,sadness
02-02-04-02-02-01-09,sadness
02-02-04-02-02-02-09,sadness
02-02-05-01-01-01-09,anger
02-02-05-01-01-02-09,anger
02-02-05-01-02-01-09,anger
02-02-05-01-02-02-09,anger
02-02-05-02-01-01-09,anger
02-02-05-02-01-02-09,anger
02-02-05-02-02-01-09,anger
02-02-05-02-02-02-09,anger
02-02-06-01-01-01-09,fear
02-02-06-01-01-02-09,fear
02-02-06-01-02-01-09,fear
02-02-06-01-02-02-09,fear
02-02-06-02-01-01-09,fear
02-02-06-02-01-02-09,fear
02-02-06-02-02-01-09,fear
02-02-06-02-02-02-09,fear
01-02-01-01-01-01-10,neutral
01-02-01-01-01-02-10,neutral
01-02-01-01-02-01-10,neutral
01-02-01-01-02-02-10,neutral
01-02-02-01-01-01-10,neutral
01-02-02-01-01-02-10,neutral
01-02-02-01-02-01-10,neutral
01-02-02-01-02-02-10,neutral
01-02-02-02-01-01-10,neutral
01-02-02-02-01-02-10,neutral
01-02-02-02-02-01-10,neutral
01-02-02-02-02-02-10,neutral
01-02-03-01-01-01-10,joy
01-02-03-01-01-02-10,joy
01-02-03-01-02-01-10,joy
01-02-03-01-02-02-10,joy
01-02-03-02-01-01-10,joy
01-02-03-02-01-02-10,joy
01-02-03-02-02-01-10,joy
01-02-03-02-02-02-10,joy
01-02-04-01-01-01-10,sadness
01-02-04-01-01-02-10,sadness
01-02-04-01-02-01-10,sadness
01-02-04-01-02-02-10,sadness
01-02-04-02-01-01-10,sadness
01-02-04-02-01-02-10,sadness
01-02-04-02-02-01-10,sadness
01-02-04-02-02-02-10,sadness
01-02-05-01-01-01-10,anger
01-02-05-01-01-02-10,anger
01-02-05-01-02-01-10,anger
01-02-05-01-02-02-10,anger
01-02-05-02-01-01-10,anger
01-02-05-02-01-02-10,anger
01-02-05-02-02-01-10,anger
01-02-05-02-02-02-10,anger
01-02-06-01-01-01-10,fear
01-02-06-01-01-02-10,fear
01-02-06-01-02-01-10,fear
01-02-06-01-02-02-10,fear
01-02-06-02-01-01-10,fear
01-02-06-02-01-02-10,fear
01-02-06-02-02-01-10,fear
01-02-06-02-02-02-10,fear
02-02-01-01-01-01-10,neutral
02-02-01-01-01-02-10,neutral
02-02-01-01-02-01-10,neutral
02-02-01-01-02-02-10,neutral
02-02-02-01-01-01-10,neutral
02-02-02-01-01-02-10,neutral
02-02-02-01-02-01-10,neutral
02-02-02-01-02-02-10,neutral
02-02-02-02-01-01-10,neutral
02-02-02-02-01-02-10,neutral
02-02-02-02-02-01-10,neutral
02-02-02-02-02-02-10,neutral
02-02-03-01-01-01-10,joy
02-02-03-01-01-02-10,joy
02-02-03-01-02-01-10,joy
02-02-03-01-02-02-10,joy
02-02-03-02-01-01-10,joy
02-02-03-02-01-02-10,joy
02-02-03-02-02-01-10,joy
02-02-03-02-02-02-10,joy
02-02-04-01-01-01-10,sadness
02-02-04-01-01-02-10,sadness
02-02-04-01-02-01-10,sadness
02-02-04-01-02-02-10,sadness
02-02-04-02-01-01-10,sadness
02-02-04-02-01-02-10,sadness
02-02-04-02-02-01-10,sadness
02-02-04-02-02-02-10,sadness
02-02-05-01-01-01-10,anger
02-02-05-01-01-02-10,anger
02-02-05-01-02-01-10,anger
02-02-05-01-02-02-10,anger
02-02-05-02-01-01-10,anger
02-02-05-02-01-02-10,anger
02-02-05-02-02-01-10,anger
02-02-05-02-02-02-10,anger
02-02-06-01-01-01-10,fear
02-02-06-01-01-02-10,fear
02-02-06-01-02-01-10,fear
02-02-06-01-02-02-10,fear
02-02-06-02-01-01-10,fear
02-02-06-02-01-02-10,fear
02-02-06-02-02-01-10,fear
02-02-06-02-02-02-10,fear
01-02-01-01-01-01-11,neutral
01-02-01-01-01-02-11,neutral
01-02-01-01-02-01-11,neutral
01-02-01-01-02-02-11,neutral
01-02-02-01-01-01-11,neutral
01-02-02-01-01-02-11,neutral
01-02-02-01-02-01-11,neutral
01-02-02-01-02-02-11,neutral
01-02-02-02-01-01-11,neutral
01-02-02-02-01-02-11,neutral
01-02-02-02-02-01-11,neutral
01-02-02-02-02-02-11,neutral
01-02-03-01-01-01-11,joy
01-02-03-01-01-02-11,joy
01-02-03-01-02-01-11,joy
01-02-03-01-02-02-11,joy
01-02-03-02-01-01-11,joy
01-02-03-02-01-02-11,joy
01-02-03-02-02-01-11,joy
01-02-03-02-02-02-11,joy
01-02-04-01-01-01-11,sadness
01-02-04-01-01-02-11,sadness
01-02-04-01-02-01-11,sadness
01-02-04-01-02-02-11,sadness
01-02-04-02-01-01-11,sadness
01-02-04-02-01-02-11,sadness
01-02-04-02-02-01-11,sadness
01-02-04-02-02-02-11,sadness
01-02-05-01-01-01-11,anger
01-02-05-01-01-02-11,anger
01-02-05-01-02-01-11,anger
01-02-05-01-02-02-11,anger
01-02-05-02-01-01-11,anger
01-02-05-02-01-02-11,anger
01-02-05-02-02-01-11,anger
01-02-05-02-02-02-11,anger
01-02-06-01-01-01-11,fear
01-02-06-01-01-02-11,fear
01-02-06-01-02-01-11,fear
01-02-06-01-02-02-11,fear
01-02-06-02-01-01-11,fear
01-02-06-02-01-02-11,fear
01-02-06-02-02-01-11,fear
01-02-06-02-02-02-11,fear
02-02-01-01-01-01-11,neutral
02-02-01-01-01-02-11,neutral
02-02-01-01-02-01-11,neutral
02-02-01-01-02-02-11,neutral
02-02-02-01-01-01-11,neutral
02-02-02-01-01-02-11,neutral
02-02-02-01-02-01-11,neutral
02-02-02-01-02-02-11,neutral
02-02-02-02-01-01-11,neutral
02-02-02-02-01-02-11,neutral
02-02-02-02-02-01-11,neutral
02-02-02-02-02-02-11,neutral
02-02-03-01-01-01-11,joy
02-02-03-01-01-02-11,joy
02-02-03-01-02-01-11,joy
02-02-03-01-02-02-11,joy
02-02-03-02-01-01-11,joy
02-02-03-02-01-02-11,joy
02-02-03-02-02-01-11,joy
02-02-03-02-02-02-11,joy
02-02-04-01-01-01-11,sadness
02-02-04-01-01-02-11,sadness
02-02-04-01-02-01-11,sadness
02-02-04-01-02-02-11,sadness
02-02-04-02-01-01-11,sadness
02-02-04-02-01-02-11,sadness
02-02-04-02-02-01-11,sadness
02-02-04-02-02-02-11,sadness
02-02-05-01-01-01-11,anger
02-02-05-01-01-02-11,anger
02-02-05-01-02-01-11,anger
02-02-05-01-02-02-11,anger
02-02-05-02-01-01-11,anger
02-02-05-02-01-02-11,anger
02-02-05-02-02-01-11,anger
02-02-05-02-02-02-11,anger
02-02-06-01-01-01-11,fear
02-02-06-01-01-02-11,fear
02-02-06-01-02-01-11,fear
02-02-06-01-02-02-11,fear
02-02-06-02-01-01-11,fear
02-02-06-02-01-02-11,fear
02-02-06-02-02-01-11,fear
02-02-06-02-02-02-11,fear
01-02-01-01-01-01-12,neutral
01-02-01-01-01-02-12,neutral
01-02-01-01-02-01-12,neutral
01-02-01-01-02-02-12,neutral
01-02-02-01-01-01-12,neutral
01-02-02-01-01-02-12,neutral
01-02-02-01-02-01-12,neutral
01-02-02-01-02-02-12,neutral
01-02-02-02-01-01-12,neutral
01-02-02-02-01-02-12,neutral
01-02-02-02-02-01-12,neutral
01-02-02-02-02-02-12,neutral
01-02-03-01-01-01-12,joy
01-02-03-01-01-02-12,joy
01-02-03-01-02-01-12,joy
01-02-03-01-02-02-12,joy
01-02-03-02-01-01-12,joy
01-02-03-02-01-02-12,joy
01-02-03-02-02-01-12,joy
01-02-03-02-02-02-12,joy
01-02-04-01-01-01-12,sadness
01-02-04-01-01-02-12,sadness
01-02-04-01-02-01-12,sadness
01-02-04-01-02-02-12,sadness
01-02-04-02-01-01-12,sadness
01-02-04-02-01-02-12,sadness
01-02-04-02-02-01-12,sadness
01-02-04-02-02-02-12,sadness
01-02-05-01-01-01-12,anger
01-02-05-01-01-02-12,anger
01-02-05-01-02-01-12,anger
01-02-05-01-02-02-12,anger
01-02-05-02-01-01-12,anger
01-02-05-02-01-02-12,anger
01-02-05-02-02-01-12,anger
01-02-05-02-02-02-12,anger
01-02-06-01-01-01-12,fear
01-02-06-01-01-02-12,fear
01-02-06-01-02-01-12,fear
01-02-06-01-02-02-12,fear
01-02-06-02-01-01-12,fear
01-02-06-02-01-02-12,fear
01-02-06-02-02-01-12,fear
01-02-06-02-02-02-12,fear
02-02-01-01-01-01-12,neutral
02-02-01-01-01-02-12,neutral
02-02-01-01-02-01-12,neutral
02-02-01-01-02-02-12,neutral
02-02-02-01-01-01-12,neutral
02-02-02-01-01-02-12,neutral
02-02-02-01-02-01-12,neutral
02-02-02-01-02-02-12,neutral
02-02-02-02-01-01-12,neutral
02-02-02-02-01-02-12,neutral
02-02-02-02-02-01-12,neutral
02-02-02-02-02-02-12,neutral
02-02-03-01-01-01-12,joy
02-02-03-01-01-02-12,joy
02-02-03-01-02-01-12,joy
02-02-03-01-02-02-12,joy
02-02-03-02-01-01-12,joy
02-02-03-02-01-02-12,joy
02-02-03-02-02-01-12,joy
02-02-03-02-02-02-12,joy
02-02-04-01-01-01-12,sadness
02-02-04-01-01-02-12,sadness
02-02-04-01-02-01-12,sadness
02-02-04-01-02-02-12,sadness
02-02-04-02-01-01-12,sadness
02-02-04-02-01-02-12,sadness
02-02-04-02-02-01-12,sadness
02-02-04-02-02-02-12,sadness
02-02-05-01-01-01-12,anger
02-02-05-01-01-02-12,anger
02-02-05-01-02-01-12,anger
02-02-05-01-02-02-12,anger
02-02-05-02-01-01-12,anger
02-02-05-02-01-02-12,anger
02-02-05-02-02-01-12,anger
02-02-05-02-02-02-12,anger
02-02-06-01-01-01-12,fear
02-02-06-01-01-02-12,fear
02-02-06-01-02-01-12,fear
02-02-06-01-02-02-12,fear
02-02-06-02-01-01-12,fear
02-02-06-02-01-02-12,fear
02-02-06-02-02-01-12,fear
02-02-06-02-02-02-12,fear
01-02-01-01-01-01-13,neutral
01-02-01-01-01-02-13,neutral
01-02-01-01-02-01-13,neutral
01-02-01-01-02-02-13,neutral
01-02-02-01-01-01-13,neutral
01-02-02-01-01-02-13,neutral
01-02-02-01-02-01-13,neutral
01-02-02-01-02-02-13,neutral
01-02-02-02-01-01-13,neutral
01-02-02-02-01-02-13,neutral
01-02-02-02-02-01-13,neutral
01-02-02-02-02-02-13,neutral
01-02-03-01-01-01-13,joy
01-02-03-01-01-02-13,joy
01-02-03-01-02-01-13,joy
01-02-03-01-02-02-13,joy
01-02-03-02-01-01-13,joy
01-02-03-02-01-02-13,joy
01-02-03-02-02-01-13,joy
01-02-03-02-02-02-13,joy
01-02-04-01-01-01-13,sadness
01-02-04-01-01-02-13,sadness
01-02-04-01-02-01-13,sadness
01-02-04-01-02-02-13,sadness
01-02-04-02-01-01-13,sadness
01-02-04-02-01-02-13,sadness
01-02-04-02-02-01-13,sadness
01-02-04-02-02-02-13,sadness
01-02-05-01-01-01-13,anger
01-02-05-01-01-02-13,anger
01-02-05-01-02-01-13,anger
01-02-05-01-02-02-13,anger
01-02-05-02-01-01-13,anger
01-02-05-02-01-02-13,anger
01-02-05-02-02-01-13,anger
01-02-05-02-02-02-13,anger
01-02-06-01-01-01-13,fear
01-02-06-01-01-02-13,fear
01-02-06-01-02-01-13,fear
01-02-06-01-02-02-13,fear
01-02-06-02-01-01-13,fear
01-02-06-02-01-02-13,fear
01-02-06-02-02-01-13,fear
01-02-06-02-02-02-13,fear
02-02-01-01-01-01-13,neutral
02-02-01-01-01-02-13,neutral
02-02-01-01-02-01-13,neutral
02-02-01-01-02-02-13,neutral
02-02-02-01-01-01-13,neutral
02-02-02-01-01-02-13,neutral
02-02-02-01-02-01-13,neutral
02-02-02-01-02-02-13,neutral
02-02-02-02-01-01-13,neutral
02-02-02-02-01-02-13,neutral
02-02-02-02-02-01-13,neutral
02-02-02-02-02-02-13,neutral
02-02-03-01-01-01-13,joy
02-02-03-01-01-02-13,joy
02-02-03-01-02-01-13,joy
02-02-03-01-02-02-13,joy
02-02-03-02-01-01-13,joy
02-02-03-02-01-02-13,joy
02-02-03-02-02-01-13,joy
02-02-03-02-02-02-13,joy
02-02-04-01-01-01-13,sadness
02-02-04-01-01-02-13,sadness
02-02-04-01-02-01-13,sadness
02-02-04-01-02-02-13,sadness
02-02-04-02-01-01-13,sadness
02-02-04-02-01-02-13,sadness
02-02-04-02-02-01-13,sadness
02-02-04-02-02-02-13,sadness
02-02-05-01-01-01-13,anger
02-02-05-01-01-02-13,anger
02-02-05-01-02-01-13,anger
02-02-05-01-02-02-13,anger
02-02-05-02-01-01-13,anger
02-02-05-02-01-02-13,anger
02-02-05-02-02-01-13,anger
02-02-05-02-02-02-13,anger
02-02-06-01-01-01-13,fear
02-02-06-01-01-02-13,fear
02-02-06-01-02-01-13,fear
02-02-06-01-02-02-13,fear
02-02-06-02-01-01-13,fear
02-02-06-02-01-02-13,fear
02-02-06-02-02-01-13,fear
02-02-06-02-02-02-13,fear
01-02-01-01-01-01-14,neutral
01-02-01-01-01-02-14,neutral
01-02-01-01-02-01-14,neutral
01-02-01-01-02-02-14,neutral
01-02-02-01-01-01-14,neutral
01-02-02-01-01-02-14,neutral
01-02-02-01-02-01-14,neutral
01-02-02-01-02-02-14,neutral
01-02-02-02-01-01-14,neutral
01-02-02-02-01-02-14,neutral
01-02-02-02-02-01-14,neutral
01-02-02-02-02-02-14,neutral
01-02-03-01-01-01-14,joy
01-02-03-01-01-02-14,joy
01-02-03-01-02-01-14,joy
01-02-03-01-02-02-14,joy
01-02-03-02-01-01-14,joy
01-02-03-02-01-02-14,joy
01-02-03-02-02-01-14,joy
01-02-03-02-02-02-14,joy
01-02-04-01-01-01-14,sadness
01-02-04-01-01-02-14,sadness
01-02-04-01-02-01-14,sadness
01-02-04-01-02-02-14,sadness
01-02-04-02-01-01-14,sadness
01-02-04-02-01-02-14,sadness
01-02-04-02-02-01-14,sadness
01-02-04-02-02-02-14,sadness
01-02-05-01-01-01-14,anger
01-02-05-01-01-02-14,anger
01-02-05-01-02-01-14,anger
01-02-05-01-02-02-14,anger
01-02-05-02-01-01-14,anger
01-02-05-02-01-02-14,anger
01-02-05-02-02-01-14,anger
01-02-05-02-02-02-14,anger
01-02-06-01-01-01-14,fear
01-02-06-01-01-02-14,fear
01-02-06-01-02-01-14,fear
01-02-06-01-02-02-14,fear
01-02-06-02-01-01-14,fear
01-02-06-02-01-02-14,fear
01-02-06-02-02-01-14,fear
01-02-06-02-02-02-14,fear
02-02-01-01-01-01-14,neutral
02-02-01-01-01-02-14,neutral
02-02-01-01-02-01-14,neutral
02-02-01-01-02-02-14,neutral
02-02-02-01-01-01-14,neutral
02-02-02-01-01-02-14,neutral
02-02-02-01-02-01-14,neutral
02-02-02-01-02-02-14,neutral
02-02-02-02-01-01-14,neutral
02-02-02-02-01-02-14,neutral
02-02-02-02-02-01-14,neutral
02-02-02-02-02-02-14,neutral
02-02-03-01-01-01-14,joy
02-02-03-01-01-02-14,joy
02-02-03-01-02-01-14,joy
02-02-03-01-02-02-14,joy
02-02-03-02-01-01-14,joy
02-02-03-02-01-02-14,joy
02-02-03-02-02-01-14,joy
02-02-03-02-02-02-14,joy
02-02-04-01-01-01-14,sadness
02-02-04-01-01-02-14,sadness
02-02-04-01-02-01-14,sadness
02-02-04-01-02-02-14,sadness
02-02-04-02-01-01-14,sadness
02-02-04-02-01-02-14,sadness
02-02-04-02-02-01-14,sadness
02-02-04-02-02-02-14,sadness
02-02-05-01-01-01-14,anger
02-02-05-01-01-02-14,anger
02-02-05-01-02-01-14,anger
02-02-05-01-02-02-14,anger
02-02-05-02-01-01-14,anger
02-02-05-02-01-02-14,anger
02-02-05-02-02-01-14,anger
02-02-05-02-02-02-14,anger
02-02-06-01-01-01-14,fear
02-02-06-01-01-02-14,fear
02-02-06-01-02-01-14,fear
02-02-06-01-02-02-14,fear
02-02-06-02-01-01-14,fear
02-02-06-02-01-02-14,fear
02-02-06-02-02-01-14,fear
02-02-06-02-02-02-14,fear
01-02-01-01-01-01-15,neutral
01-02-01-01-01-02-15,neutral
01-02-01-01-02-01-15,neutral
01-02-01-01-02-02-15,neutral
01-02-02-01-01-01-15,neutral
01-02-02-01-01-02-15,neutral
01-02-02-01-02-01-15,neutral
01-02-02-01-02-02-15,neutral
01-02-02-02-01-01-15,neutral
01-02-02-02-01-02-15,neutral
01-02-02-02-02-01-15,neutral
01-02-02-02-02-02-15,neutral
01-02-03-01-01-01-15,joy
01-02-03-01-01-02-15,joy
01-02-03-01-02-01-15,joy
01-02-03-01-02-02-15,joy
01-02-03-02-01-01-15,joy
01-02-03-02-01-02-15,joy
01-02-03-02-02-01-15,joy
01-02-03-02-02-02-15,joy
01-02-04-01-01-01-15,sadness
01-02-04-01-01-02-15,sadness
01-02-04-01-02-01-15,sadness
01-02-04-01-02-02-15,sadness
01-02-04-02-01-01-15,sadness
01-02-04-02-01-02-15,sadness
01-02-04-02-02-01-15,sadness
01-02-04-02-02-02-15,sadness
01-02-05-01-01-01-15,anger
01-02-05-01-01-02-15,anger
01-02-05-01-02-01-15,anger
01-02-05-01-02-02-15,anger
01-02-05-02-01-01-15,anger
01-02-05-02-01-02-15,anger
01-02-05-02-02-01-15,anger
01-02-05-02-02-02-15,anger
01-02-06-01-01-01-15,fear
01-02-06-01-01-02-15,fear
01-02-06-01-02-01-15,fear
01-02-06-01-02-02-15,fear
01-02-06-02-01-01-15,fear
01-02-06-02-01-02-15,fear
01-02-06-02-02-01-15,fear
01-02-06-02-02-02-15,fear
02-02-01-01-01-01-15,neutral
02-02-01-01-01-02-15,neutral
02-02-01-01-02-01-15,neutral
02-02-01-01-02-02-15,neutral
02-02-02-01-01-01-15,neutral
02-02-02-01-01-02-15,neutral
02-02-02-01-02-01-15,neutral
02-02-02-01-02-02-15,neutral
02-02-02-02-01-01-15,neutral
02-02-02-02-01-02-15,neutral
02-02-02-02-02-01-15,neutral
02-02-02-02-02-02-15,neutral
02-02-03-01-01-01-15,joy
02-02-03-01-01-02-15,joy
02-02-03-01-02-01-15,joy
02-02-03-01-02-02-15,joy
02-02-03-02-01-01-15,joy
02-02-03-02-01-02-15,joy
02-02-03-02-02-01-15,joy
02-02-03-02-02-02-15,joy
02-02-04-01-01-01-15,sadness
02-02-04-01-01-02-15,sadness
02-02-04-01-02-01-15,sadness
02-02-04-01-02-02-15,sadness
02-02-04-02-01-01-15,sadness
02-02-04-02-01-02-15,sadness
02-02-04-02-02-01-15,sadness
02-02-04-02-02-02-15,sadness
02-02-05-01-01-01-15,anger
02-02-05-01-01-02-15,anger
02-02-05-01-02-01-15,anger
02-02-05-01-02-02-15,anger
02-02-05-02-01-01-15,anger
02-02-05-02-01-02-15,anger
02-02-05-02-02-01-15,anger
02-02-05-02-02-02-15,anger
02-02-06-01-01-01-15,fear
02-02-06-01-01-02-15,fear
02-02-06-01-02-01-15,fear
02-02-06-01-02-02-15,fear
02-02-06-02-01-01-15,fear
02-02-06-02-01-02-15,fear
02-02-06-02-02-01-15,fear
02-02-06-02-02-02-15,fear
01-02-01-01-01-01-16,neutral
01-02-01-01-01-02-16,neutral
01-02-01-01-02-01-16,neutral
01-02-01-01-02-02-16,neutral
01-02-02-01-01-01-16,neutral
01-02-02-01-01-02-16,neutral
01-02-02-01-02-01-16,neutral
01-02-02-01-02-02-16,neutral
01-02-02-02-01-01-16,neutral
01-02-02-02-01-02-16,neutral
01-02-02-02-02-01-16,neutral
01-02-02-02-02-02-16,neutral
01-02-03-01-01-01-16,joy
01-02-03-01-01-02-16,joy
01-02-03-01-02-01-16,joy
01-02-03-01-02-02-16,joy
01-02-03-02-01-01-16,joy
01-02-03-02-01-02-16,joy
01-02-03-02-02-01-16,joy
01-02-03-02-02-02-16,joy
01-02-04-01-01-01-16,sadness
01-02-04-01-01-02-16,sadness
01-02-04-01-02-01-16,sadness
01-02-04-01-02-02-16,sadness
01-02-04-02-01-01-16,sadness
01-02-04-02-01-02-16,sadness
01-02-04-02-02-01-16,sadness
01-02-04-02-02-02-16,sadness
01-02-05-01-01-01-16,anger
01-02-05-01-01-02-16,anger
01-02-05-01-02-01-16,anger
01-02-05-01-02-02-16,anger
01-02-05-02-01-01-16,anger
01-02-05-02-01-02-16,anger
01-02-05-02-02-01-16,anger
01-02-05-02-02-02-16,anger
01-02-06-01-01-01-16,fear
01-02-06-01-01-02-16,fear
01-02-06-01-02-01-16,fear
01-02-06-01-02-02-16,fear
01-02-06-02-01-01-16,fear
01-02-06-02-01-02-16,fear
01-02-06-02-02-01-16,fear
01-02-06-02-02-02-16,fear
02-02-01-01-01-01-16,neutral
02-02-01-01-01-02-16,neutral
02-02-01-01-02-01-16,neutral
02-02-01-01-02-02-16,neutral
02-02-02-01-01-01-16,neutral
02-02-02-01-01-02-16,neutral
02-02-02-01-02-01-16,neutral
02-02-02-01-02-02-16,neutral
02-02-02-02-01-01-16,neutral
02-02-02-02-01-02-16,neutral
02-02-02-02-02-01-16,neutral
02-02-02-02-02-02-16,neutral
02-02-03-01-01-01-16,joy
02-02-03-01-01-02-16,joy
02-02-03-01-02-01-16,joy
02-02-03-01-02-02-16,joy
02-02-03-02-01-01-16,joy
02-02-03-02-01-02-16,joy
02-02-03-02-02-01-16,joy
02-02-03-02-02-02-16,joy
02-02-04-01-01-01-16,sadness
02-02-04-01-01-02-16,sadness
02-02-04-01-02-01-16,sadness
02-02-04-01-02-02-16,sadness
02-02-04-02-01-01-16,sadness
02-02-04-02-01-02-16,sadness
02-02-04-02-02-01-16,sadness
02-02-04-02-02-02-16,sadness
02-02-05-01-01-01-16,anger
02-02-05-01-01-02-16,anger
02-02-05-01-02-01-16,anger
02-02-05-01-02-02-16,anger
02-02-05-02-01-01-16,anger
02-02-05-02-01-02-16,anger
02-02-05-02-02-01-16,anger
02-02-05-02-02-02-16,anger
02-02-06-01-01-01-16,fear
02-02-06-01-01-02-16,fear
02-02-06-01-02-01-16,fear
02-02-06-01-02-02-16,fear
02-02-06-02-01-01-16,fear
02-02-06-02-01-02-16,fear
02-02-06-02-02-01-16,fear
02-02-06-02-02-02-16,fear
01-02-01-01-01-01-17,neutral
01-02-01-01-01-02-17,neutral
01-02-01-01-02-01-17,neutral
01-02-01-01-02-02-17,neutral
01-02-02-01-01-01-17,neutral
01-02-02-01-01-02-17,neutral
01-02-02-01-02-01-17,neutral
01-02-02-01-02-02-17,neutral
01-02-02-02-01-01-17,neutral
01-02-02-02-01-02-17,neutral
01-02-02-02-02-01-17,neutral
01-02-02-02-02-02-17,neutral
01-02-03-01-01-01-17,joy
01-02-03-01-01-02-17,joy
01-02-03-01-02-01-17,joy
01-02-03-01-02-02-17,joy
01-02-03-02-01-01-17,joy
01-02-03-02-01-02-17,joy
01-02-03-02-02-01-17,joy
01-02-03-02-02-02-17,joy
01-02-04-01-01-01-17,sadness
01-02-04-01-01-02-17,sadness
01-02-04-01-02-01-17,sadness
01-02-04-01-02-02-17,sadness
01-02-04-02-01-01-17,sadness
01-02-04-02-01-02-17,sadness
01-02-04-02-02-01-17,sadness
01-02-04-02-02-02-17,sadness
01-02-05-01-01-01-17,anger
01-02-05-01-01-02-17,anger
01-02-05-01-02-01-17,anger
01-02-05-01-02-02-17,anger
01-02-05-02-01-01-17,anger
01-02-05-02-01-02-17,anger
01-02-05-02-02-01-17,anger
01-02-05-02-02-02-17,anger
01-02-06-01-01-01-17,fear
01-02-06-01-01-02-17,fear
01-02-06-01-02-01-17,fear
01-02-06-01-02-02-17,fear
01-02-06-02-01-01-17,fear
01-02-06-02-01-02-17,fear
01-02-06-02-02-01-17,fear
01-02-06-02-02-02-17,fear
02-02-01-01-01-01-17,neutral
02-02-01-01-01-02-17,neutral
02-02-01-01-02-01-17,neutral
02-02-01-01-02-02-17,neutral
02-02-02-01-01-01-17,neutral
02-02-02-01-01-02-17,neutral
02-02-02-01-02-01-17,neutral
02-02-02-01-02-02-17,neutral
02-02-02-02-01-01-17,neutral
02-02-02-02-01-02-17,neutral
02-02-02-02-02-01-17,neutral
02-02-02-02-02-02-17,neutral
02-02-03-01-01-01-17,joy
02-02-03-01-01-02-17,joy
02-02-03-01-02-01-17,joy
02-02-03-01-02-02-17,joy
02-02-03-02-01-01-17,joy
02-02-03-02-01-02-17,joy
02-02-03-02-02-01-17,joy
02-02-03-02-02-02-17,joy
02-02-04-01-01-01-17,sadness
02-02-04-01-01-02-17,sadness
02-02-04-01-02-01-17,sadness
02-02-04-01-02-02-17,sadness
02-02-04-02-01-01-17,sadness
02-02-04-02-01-02-17,sadness
02-02-04-02-02-01-17,sadness
02-02-04-02-02-02-17,sadness
02-02-05-01-01-01-17,anger
02-02-05-01-01-02-17,anger
02-02-05-01-02-01-17,anger
02-02-05-01-02-02-17,anger
02-02-05-02-01-01-17,anger
02-02-05-02-01-02-17,anger
02-02-05-02-02-01-17,anger
02-02-05-02-02-02-17,anger
02-02-06-01-01-01-17,fear
02-02-06-01-01-02-17,fear
02-02-06-01-02-01-17,fear
02-02-06-01-02-02-17,fear
02-02-06-02-01-01-17,fear
02-02-06-02-01-02-17,fear
02-02-06-02-02-01-17,fear
02-02-06-02-02-02-17,fear
01-02-01-01-01-01-19,neutral
01-02-01-01-01-02-19,neutral
01-02-01-01-02-01-19,neutral
01-02-01-01-02-02-19,neutral
01-02-02-01-01-01-19,neutral
01-02-02-01-01-02-19,neutral
01-02-02-01-02-01-19,neutral
01-02-02-01-02-02-19,neutral
01-02-02-02-01-01-19,neutral
01-02-02-02-01-02-19,neutral
01-02-02-02-02-01-19,neutral
01-02-02-02-02-02-19,neutral
01-02-03-01-01-01-19,joy
01-02-03-01-01-02-19,joy
01-02-03-01-02-01-19,joy
01-02-03-01-02-02-19,joy
01-02-03-02-01-01-19,joy
01-02-03-02-01-02-19,joy
01-02-03-02-02-01-19,joy
01-02-03-02-02-02-19,joy
01-02-04-01-01-01-19,sadness
01-02-04-01-01-02-19,sadness
01-02-04-01-02-01-19,sadness
01-02-04-01-02-02-19,sadness
01-02-04-02-01-01-19,sadness
01-02-04-02-01-02-19,sadness
01-02-04-02-02-01-19,sadness
01-02-04-02-02-02-19,sadness
01-02-05-01-01-01-19,anger
01-02-05-01-01-02-19,anger
01-02-05-01-02-01-19,anger
01-02-05-01-02-02-19,anger
01-02-05-02-01-01-19,anger
01-02-05-02-01-02-19,anger
01-02-05-02-02-01-19,anger
01-02-05-02-02-02-19,anger
01-02-06-01-01-01-19,fear
01-02-06-01-01-02-19,fear
01-02-06-01-02-01-19,fear
01-02-06-01-02-02-19,fear
01-02-06-02-01-01-19,fear
01-02-06-02-01-02-19,fear
01-02-06-02-02-01-19,fear
01-02-06-02-02-02-19,fear
02-02-01-01-01-01-19,neutral
02-02-01-01-01-02-19,neutral
02-02-01-01-02-01-19,neutral
02-02-01-01-02-02-19,neutral
02-02-02-01-01-01-19,neutral
02-02-02-01-01-02-19,neutral
02-02-02-01-02-01-19,neutral
02-02-02-01-02-02-19,neutral
02-02-02-02-01-01-19,neutral
02-02-02-02-01-02-19,neutral
02-02-02-02-02-01-19,neutral
02-02-02-02-02-02-19,neutral
02-02-03-01-01-01-19,joy
02-02-03-01-01-02-19,joy
02-02-03-01-02-01-19,joy
02-02-03-01-02-02-19,joy
02-02-03-02-01-01-19,joy
02-02-03-02-01-02-19,joy
02-02-03-02-02-01-19,joy
02-02-03-02-02-02-19,joy
02-02-04-01-01-01-19,sadness
02-02-04-01-01-02-19,sadness
02-02-04-01-02-01-19,sadness
02-02-04-01-02-02-19,sadness
02-02-04-02-01-01-19,sadness
02-02-04-02-01-02-19,sadness
02-02-04-02-02-01-19,sadness
02-02-04-02-02-02-19,sadness
02-02-05-01-01-01-19,anger
02-02-05-01-01-02-19,anger
02-02-05-01-02-01-19,anger
02-02-05-01-02-02-19,anger
02-02-05-02-01-01-19,anger
02-02-05-02-01-02-19,anger
02-02-05-02-02-01-19,anger
02-02-05-02-02-02-19,anger
02-02-06-01-01-01-19,fear
02-02-06-01-01-02-19,fear
02-02-06-01-02-01-19,fear
02-02-06-01-02-02-19,fear
02-02-06-02-01-01-19,fear
02-02-06-02-01-02-19,fear
02-02-06-02-02-01-19,fear
02-02-06-02-02-02-19,fear
01-02-01-01-01-01-20,neutral
01-02-01-01-01-02-20,neutral
01-02-01-01-02-01-20,neutral
01-02-01-01-02-02-20,neutral
01-02-02-01-01-01-20,neutral
01-02-02-01-01-02-20,neutral
01-02-02-01-02-01-20,neutral
01-02-02-01-02-02-20,neutral
01-02-02-02-01-01-20,neutral
01-02-02-02-01-02-20,neutral
01-02-02-02-02-01-20,neutral
01-02-02-02-02-02-20,neutral
01-02-03-01-01-01-20,joy
01-02-03-01-01-02-20,joy
01-02-03-01-02-01-20,joy
01-02-03-01-02-02-20,joy
01-02-03-02-01-01-20,joy
01-02-03-02-01-02-20,joy
01-02-03-02-02-01-20,joy
01-02-03-02-02-02-20,joy
01-02-04-01-01-01-20,sadness
01-02-04-01-01-02-20,sadness
01-02-04-01-02-01-20,sadness
01-02-04-01-02-02-20,sadness
01-02-04-02-01-01-20,sadness
01-02-04-02-01-02-20,sadness
01-02-04-02-02-01-20,sadness
01-02-04-02-02-02-20,sadness
01-02-05-01-01-01-20,anger
01-02-05-01-01-02-20,anger
01-02-05-01-02-01-20,anger
01-02-05-01-02-02-20,anger
01-02-05-02-01-01-20,anger
01-02-05-02-01-02-20,anger
01-02-05-02-02-01-20,anger
01-02-05-02-02-02-20,anger
01-02-06-01-01-01-20,fear
01-02-06-01-01-02-20,fear
01-02-06-01-02-01-20,fear
01-02-06-01-02-02-20,fear
01-02-06-02-01-01-20,fear
01-02-06-02-01-02-20,fear
01-02-06-02-02-01-20,fear
01-02-06-02-02-02-20,fear
02-02-01-01-01-01-20,neutral
02-02-01-01-01-02-20,neutral
02-02-01-01-02-01-20,neutral
02-02-01-01-02-02-20,neutral
02-02-02-01-01-01-20,neutral
02-02-02-01-01-02-20,neutral
02-02-02-01-02-01-20,neutral
02-02-02-01-02-02-20,neutral
02-02-02-02-01-01-20,neutral
02-02-02-02-01-02-20,neutral
02-02-02-02-02-01-20,neutral
02-02-02-02-02-02-20,neutral
02-02-03-01-01-01-20,joy
02-02-03-01-01-02-20,joy
02-02-03-01-02-01-20,joy
02-02-03-01-02-02-20,joy
02-02-03-02-01-01-20,joy
02-02-03-02-01-02-20,joy
02-02-03-02-02-01-20,joy
02-02-03-02-02-02-20,joy
02-02-04-01-01-01-20,sadness
02-02-04-01-01-02-20,sadness
02-02-04-01-02-01-20,sadness
02-02-04-01-02-02-20,sadness
02-02-04-02-01-01-20,sadness
02-02-04-02-01-02-20,sadness
02-02-04-02-02-01-20,sadness
02-02-04-02-02-02-20,sadness
02-02-05-01-01-01-20,anger
02-02-05-01-01-02-20,anger
02-02-05-01-02-01-20,anger
02-02-05-01-02-02-20,anger
02-02-05-02-01-01-20,anger
02-02-05-02-01-02-20,anger
02-02-05-02-02-01-20,anger
02-02-05-02-02-02-20,anger
02-02-06-01-01-01-20,fear
02-02-06-01-01-02-20,fear
02-02-06-01-02-01-20,fear
02-02-06-01-02-02-20,fear
02-02-06-02-01-01-20,fear
02-02-06-02-01-02-20,fear
02-02-06-02-02-01-20,fear
02-02-06-02-02-02-20,fear
01-02-01-01-01-01-21,neutral
01-02-01-01-01-02-21,neutral
01-02-01-01-02-01-21,neutral
01-02-01-01-02-02-21,neutral
01-02-02-01-01-01-21,neutral
01-02-02-01-01-02-21,neutral
01-02-02-01-02-01-21,neutral
01-02-02-01-02-02-21,neutral
01-02-02-02-01-01-21,neutral
01-02-02-02-01-02-21,neutral
01-02-02-02-02-01-21,neutral
01-02-02-02-02-02-21,neutral
01-02-03-01-01-01-21,joy
01-02-03-01-01-02-21,joy
01-02-03-01-02-01-21,joy
01-02-03-01-02-02-21,joy
01-02-03-02-01-01-21,joy
01-02-03-02-01-02-21,joy
01-02-03-02-02-01-21,joy
01-02-03-02-02-02-21,joy
01-02-04-01-01-01-21,sadness
01-02-04-01-01-02-21,sadness
01-02-04-01-02-01-21,sadness
01-02-04-01-02-02-21,sadness
01-02-04-02-01-01-21,sadness
01-02-04-02-01-02-21,sadness
01-02-04-02-02-01-21,sadness
01-02-04-02-02-02-21,sadness
01-02-05-01-01-01-21,anger
01-02-05-01-01-02-21,anger
01-02-05-01-02-01-21,anger
01-02-05-01-02-02-21,anger
01-02-05-02-01-01-21,anger
01-02-05-02-01-02-21,anger
01-02-05-02-02-01-21,anger
01-02-05-02-02-02-21,anger
01-02-06-01-01-01-21,fear
01-02-06-01-01-02-21,fear
01-02-06-01-02-01-21,fear
01-02-06-01-02-02-21,fear
01-02-06-02-01-01-21,fear
01-02-06-02-01-02-21,fear
01-02-06-02-02-01-21,fear
01-02-06-02-02-02-21,fear
02-02-01-01-01-01-21,neutral
02-02-01-01-01-02-21,neutral
02-02-01-01-02-01-21,neutral
02-02-01-01-02-02-21,neutral
02-02-02-01-01-01-21,neutral
02-02-02-01-01-02-21,neutral
02-02-02-01-02-01-21,neutral
02-02-02-01-02-02-21,neutral
02-02-02-02-01-01-21,neutral
02-02-02-02-01-02-21,neutral
02-02-02-02-02-01-21,neutral
02-02-02-02-02-02-21,neutral
02-02-03-01-01-01-21,joy
02-02-03-01-01-02-21,joy
02-02-03-01-02-01-21,joy
02-02-03-01-02-02-21,joy
02-02-03-02-01-01-21,joy
02-02-03-02-01-02-21,joy
02-02-03-02-02-01-21,joy
02-02-03-02-02-02-21,joy
02-02-04-01-01-01-21,sadness
02-02-04-01-01-02-21,sadness
02-02-04-01-02-01-21,sadness
02-02-04-01-02-02-21,sadness
02-02-04-02-01-01-21,sadness
02-02-04-02-01-02-21,sadness
02-02-04-02-02-01-21,sadness
02-02-04-02-02-02-21,sadness
02-02-05-01-01-01-21,anger
02-02-05-01-01-02-21,anger
02-02-05-01-02-01-21,anger
02-02-05-01-02-02-21,anger
02-02-05-02-01-01-21,anger
02-02-05-02-01-02-21,anger
02-02-05-02-02-01-21,anger
02-02-05-02-02-02-21,anger
02-02-06-01-01-01-21,fear
02-02-06-01-01-02-21,fear
02-02-06-01-02-01-21,fear
02-02-06-01-02-02-21,fear
02-02-06-02-01-01-21,fear
02-02-06-02-01-02-21,fear
02-02-06-02-02-01-21,fear
02-02-06-02-02-02-21,fear
01-02-01-01-01-01-22,neutral
01-02-01-01-01-02-22,neutral
01-02-01-01-02-01-22,neutral
01-02-01-01-02-02-22,neutral
01-02-02-01-01-01-22,neutral
01-02-02-01-01-02-22,neutral
01-02-02-01-02-01-22,neutral
01-02-02-01-02-02-22,neutral
01-02-02-02-01-01-22,neutral
01-02-02-02-01-02-22,neutral
01-02-02-02-02-01-22,neutral
01-02-02-02-02-02-22,neutral
01-02-03-01-01-01-22,joy
01-02-03-01-01-02-22,joy
01-02-03-01-02-01-22,joy
01-02-03-01-02-02-22,joy
01-02-03-02-01-01-22,joy
01-02-03-02-01-02-22,joy
01-02-03-02-02-01-22,joy
01-02-03-02-02-02-22,joy
01-02-04-01-01-01-22,sadness
01-02-04-01-01-02-22,sadness
01-02-04-01-02-01-22,sadness
01-02-04-01-02-02-22,sadness
01-02-04-02-01-01-22,sadness
01-02-04-02-01-02-22,sadness
01-02-04-02-02-01-22,sadness
01-02-04-02-02-02-22,sadness
01-02-05-01-01-01-22,anger
01-02-05-01-01-02-22,anger
01-02-05-01-02-01-22,anger
01-02-05-01-02-02-22,anger
01-02-05-02-01-01-22,anger
01-02-05-02-01-02-22,anger
01-02-05-02-02-01-22,anger
01-02-05-02-02-02-22,anger
01-02-06-01-01-01-22,fear
01-02-06-01-01-02-22,fear
01-02-06-01-02-01-22,fear
01-02-06-01-02-02-22,fear
01-02-06-02-01-01-22,fear
01-02-06-02-01-02-22,fear
01-02-06-02-02-01-22,fear
01-02-06-02-02-02-22,fear
02-02-01-01-01-01-22,neutral
02-02-01-01-01-02-22,neutral
02-02-01-01-02-01-22,neutral
02-02-01-01-02-02-22,neutral
02-02-02-01-01-01-22,neutral
02-02-02-01-01-02-22,neutral
02-02-02-01-02-01-22,neutral
02-02-02-01-02-02-22,neutral
02-02-02-02-01-01-22,neutral
02-02-02-02-01-02-22,neutral
02-02-02-02-02-01-22,neutral
02-02-02-02-02-02-22,neutral
02-02-03-01-01-01-22,joy
02-02-03-01-01-02-22,joy
02-02-03-01-02-01-22,joy
02-02-03-01-02-02-22,joy
02-02-03-02-01-01-22,joy
02-02-03-02-01-02-22,joy
02-02-03-02-02-01-22,joy
02-02-03-02-02-02-22,joy
02-02-04-01-01-01-22,sadness
02-02-04-01-01-02-22,sadness
02-02-04-01-02-01-22,sadness
02-02-04-01-02-02-22,sadness
02-02-04-02-01-01-22,sadness
02-02-04-02-01-02-22,sadness
02-02-04-02-02-01-22,sadness
02-02-04-02-02-02-22,sadness
02-02-05-01-01-01-22,anger
02-02-05-01-01-02-22,anger
02-02-05-01-02-01-22,anger
02-02-05-01-02-02-22,anger
02-02-05-02-01-01-22,anger
02-02-05-02-01-02-22,anger
02-02-05-02-02-01-22,anger
02-02-05-02-02-02-22,anger
02-02-06-01-01-01-22,fear
02-02-06-01-01-02-22,fear
02-02-06-01-02-01-22,fear
02-02-06-01-02-02-22,fear
02-02-06-02-01-01-22,fear
02-02-06-02-01-02-22,fear
02-02-06-02-02-01-22,fear
02-02-06-02-02-02-22,fear
01-02-01-01-01-01-23,neutral
01-02-01-01-01-02-23,neutral
01-02-01-01-02-01-23,neutral
01-02-01-01-02-02-23,neutral
01-02-02-01-01-01-23,neutral
01-02-02-01-01-02-23,neutral
01-02-02-01-02-01-23,neutral
01-02-02-01-02-02-23,neutral
01-02-02-02-01-01-23,neutral
01-02-02-02-01-02-23,neutral
01-02-02-02-02-01-23,neutral
01-02-02-02-02-02-23,neutral
01-02-03-01-01-01-23,joy
01-02-03-01-01-02-23,joy
01-02-03-01-02-01-23,joy
01-02-03-01-02-02-23,joy
01-02-03-02-01-01-23,joy
01-02-03-02-01-02-23,joy
01-02-03-02-02-01-23,joy
01-02-03-02-02-02-23,joy
01-02-04-01-01-01-23,sadness
01-02-04-01-01-02-23,sadness
01-02-04-01-02-01-23,sadness
01-02-04-01-02-02-23,sadness
01-02-04-02-01-01-23,sadness
01-02-04-02-01-02-23,sadness
01-02-04-02-02-01-23,sadness
01-02-04-02-02-02-23,sadness
01-02-05-01-01-01-23,anger
01-02-05-01-01-02-23,anger
01-02-05-01-02-01-23,anger
01-02-05-01-02-02-23,anger
01-02-05-02-01-01-23,anger
01-02-05-02-01-02-23,anger
01-02-05-02-02-01-23,anger
01-02-05-02-02-02-23,anger
01-02-06-01-01-01-23,fear
01-02-06-01-01-02-23,fear
01-02-06-01-02-01-23,fear
01-02-06-01-02-02-23,fear
01-02-06-02-01-01-23,fear
01-02-06-02-01-02-23,fear
01-02-06-02-02-01-23,fear
01-02-06-02-02-02-23,fear
02-02-01-01-01-01-23,neutral
02-02-01-01-01-02-23,neutral
02-02-01-01-02-01-23,neutral
02-02-01-01-02-02-23,neutral
02-02-02-01-01-01-23,neutral
02-02-02-01-01-02-23,neutral
02-02-02-01-02-01-23,neutral
02-02-02-01-02-02-23,neutral
02-02-02-02-01-01-23,neutral
02-02-02-02-01-02-23,neutral
02-02-02-02-02-01-23,neutral
02-02-02-02-02-02-23,neutral
02-02-03-01-01-01-23,joy
02-02-03-01-01-02-23,joy
02-02-03-01-02-01-23,joy
02-02-03-01-02-02-23,joy
02-02-03-02-01-01-23,joy
02-02-03-02-01-02-23,joy
02-02-03-02-02-01-23,joy
02-02-03-02-02-02-23,joy
02-02-04-01-01-01-23,sadness
02-02-04-01-01-02-23,sadness
02-02-04-01-02-01-23,sadness
02-02-04-01-02-02-23,sadness
02-02-04-02-01-01-23,sadness
02-02-04-02-01-02-23,sadness
02-02-04-02-02-01-23,sadness
02-02-04-02-02-02-23,sadness
02-02-05-01-01-01-23,anger
02-02-05-01-01-02-23,anger
02-02-05-01-02-01-23,anger
02-02-05-01-02-02-23,anger
02-02-05-02-01-01-23,anger
02-02-05-02-01-02-23,anger
02-02-05-02-02-01-23,anger
02-02-05-02-02-02-23,anger
02-02-06-01-01-01-23,fear
02-02-06-01-01-02-23,fear
02-02-06-01-02-01-23,fear
02-02-06-01-02-02-23,fear
02-02-06-02-01-01-23,fear
02-02-06-02-01-02-23,fear
02-02-06-02-02-01-23,fear
02-02-06-02-02-02-23,fear
01-02-01-01-01-01-24,neutral
01-02-01-01-01-02-24,neutral
01-02-01-01-02-01-24,neutral
01-02-01-01-02-02-24,neutral
01-02-02-01-01-01-24,neutral
01-02-02-01-01-02-24,neutral
01-02-02-01-02-01-24,neutral
01-02-02-01-02-02-24,neutral
01-02-02-02-01-01-24,neutral
01-02-02-02-01-02-24,neutral
01-02-02-02-02-01-24,neutral
01-02-02-02-02-02-24,neutral
01-02-03-01-01-01-24,joy
01-02-03-01-01-02-24,joy
01-02-03-01-02-01-24,joy
01-02-03-01-02-02-24,joy
01-02-03-02-01-01-24,joy
01-02-03-02-01-02-24,joy
01-02-03-02-02-01-24,joy
01-02-03-02-02-02-24,joy
01-02-04-01-01-01-24,sadness
01-02-04-01-01-02-24,sadness
01-02-04-01-02-01-24,sadness
01-02-04-01-02-02-24,sadness
01-02-04-02-01-01-24,sadness
01-02-04-02-01-02-24,sadness
01-02-04-02-02-01-24,sadness
01-02-04-02-02-02-24,sadness
01-02-05-01-01-01-24,anger
01-02-05-01-01-02-24,anger
01-02-05-01-02-01-24,anger
01-02-05-01-02-02-24,anger
01-02-05-02-01-01-24,anger
01-02-05-02-01-02-24,anger
01-02-05-02-02-01-24,anger
01-02-05-02-02-02-24,anger
01-02-06-01-01-01-24,fear
01-02-06-01-01-02-24,fear
01-02-06-01-02-01-24,fear
01-02-06-01-02-02-24,fear
01-02-06-02-01-01-24,fear
01-02-06-02-01-02-24,fear
01-02-06-02-02-01-24,fear
01-02-06-02-02-02-24,fear
02-02-01-01-01-01-24,neutral
02-02-01-01-01-02-24,neutral
02-02-01-01-02-01-24,neutral
02-02-01-01-02-02-24,neutral
02-02-02-01-01-01-24,neutral
02-02-02-01-01-02-24,neutral
02-02-02-01-02-01-24,neutral
02-02-02-01-02-02-24,neutral
02-02-02-02-01-01-24,neutral
02-02-02-02-01-02-24,neutral
02-02-02-02-02-01-24,neutral
02-02-02-02-02-02-24,neutral
02-02-03-01-01-01-24,joy
02-02-03-01-01-02-24,joy
02-02-03-01-02-01-24,joy
02-02-03-01-02-02-24,joy
02-02-03-02-01-01-24,joy
02-02-03-02-01-02-24,joy
02-02-03-02-02-01-24,joy
02-02-03-02-02-02-24,joy
02-02-04-01-01-01-24,sadness
02-02-04-01-01-02-24,sadness
02-02-04-01-02-01-24,sadness
02-02-04-01-02-02-24,sadness
02-02-04-02-01-01-24,sadness
02-02-04-02-01-02-24,sadness
02-02-04-02-02-01-24,sadness
02-02-04-02-02-02-24,sadness
02-02-05-01-01-01-24,anger
02-02-05-01-01-02-24,anger
02-02-05-01-02-01-24,anger
02-02-05-01-02-02-24,anger
02-02-05-02-01-01-24,anger
02-02-05-02-01-02-24,anger
02-02-05-02-02-01-24,anger
02-02-05-02-02-02-24,anger
02-02-06-01-01-01-24,fear
02-02-06-01-01-02-24,fear
02-02-06-01-02-01-24,fear
02-02-06-01-02-02-24,fear
02-02-06-02-01-01-24,fear
02-02-06-02-01-02-24,fear
02-02-06-02-02-01-24,fear
02-02-06-02-02-02-24,fear
01-01-01-01-01-01-01,neutral
01-01-01-01-01-02-01,neutral
01-01-01-01-02-01-01,neutral
01-01-01-01-02-02-01,neutral
01-01-02-01-01-01-01,neutral
01-01-02-01-01-02-01,neutral
01-01-02-01-02-01-01,neutral
01-01-02-01-02-02-01,neutral
01-01-02-02-01-01-01,neutral
01-01-02-02-01-02-01,neutral
01-01-02-02-02-01-01,neutral
01-01-02-02-02-02-01,neutral
01-01-03-01-01-01-01,joy
01-01-03-01-01-02-01,joy
01-01-03-01-02-01-01,joy
01-01-03-01-02-02-01,joy
01-01-03-02-01-01-01,joy
01-01-03-02-01-02-01,joy
01-01-03-02-02-01-01,joy
01-01-03-02-02-02-01,joy
01-01-04-01-01-01-01,sadness
01-01-04-01-01-02-01,sadness
01-01-04-01-02-01-01,sadness
01-01-04-01-02-02-01,sadness
01-01-04-02-01-01-01,sadness
01-01-04-02-01-02-01,sadness
01-01-04-02-02-01-01,sadness
01-01-04-02-02-02-01,sadness
01-01-05-01-01-01-01,anger
01-01-05-01-01-02-01,anger
01-01-05-01-02-01-01,anger
01-01-05-01-02-02-01,anger
01-01-05-02-01-01-01,anger
01-01-05-02-01-02-01,anger
01-01-05-02-02-01-01,anger
01-01-05-02-02-02-01,anger
01-01-06-01-01-01-01,fear
01-01-06-01-01-02-01,fear
01-01-06-01-02-01-01,fear
01-01-06-01-02-02-01,fear
01-01-06-02-01-01-01,fear
01-01-06-02-01-02-01,fear
01-01-06-02-02-01-01,fear
01-01-06-02-02-02-01,fear
01-01-07-01-01-01-01,disgust
01-01-07-01-01-02-01,disgust
01-01-07-01-02-01-01,disgust
01-01-07-01-02-02-01,disgust
01-01-07-02-01-01-01,disgust
01-01-07-02-01-02-01,disgust
01-01-07-02-02-01-01,disgust
01-01-07-02-02-02-01,disgust
01-01-08-01-01-01-01,surprise
01-01-08-01-01-02-01,surprise
01-01-08-01-02-01-01,surprise
01-01-08-01-02-02-01,surprise
01-01-08-02-01-01-01,surprise
01-01-08-02-01-02-01,surprise
01-01-08-02-02-01-01,surprise
01-01-08-02-02-02-01,surprise
02-01-01-01-01-01-01,neutral
02-01-01-01-01-02-01,neutral
02-01-01-01-02-01-01,neutral
02-01-01-01-02-02-01,neutral
02-01-02-01-01-01-01,neutral
02-01-02-01-01-02-01,neutral
02-01-02-01-02-01-01,neutral
02-01-02-01-02-02-01,neutral
02-01-02-02-01-01-01,neutral
02-01-02-02-01-02-01,neutral
02-01-02-02-02-01-01,neutral
02-01-02-02-02-02-01,neutral
02-01-03-01-01-01-01,joy
02-01-03-01-01-02-01,joy
02-01-03-01-02-01-01,joy
02-01-03-01-02-02-01,joy
02-01-03-02-01-01-01,joy
02-01-03-02-01-02-01,joy
02-01-03-02-02-01-01,joy
02-01-03-02-02-02-01,joy
02-01-04-01-01-01-01,sadness
02-01-04-01-01-02-01,sadness
02-01-04-01-02-01-01,sadness
02-01-04-01-02-02-01,sadness
02-01-04-02-01-01-01,sadness
02-01-04-02-01-02-01,sadness
02-01-04-02-02-01-01,sadness
02-01-04-02-02-02-01,sadness
02-01-05-01-01-01-01,anger
02-01-05-01-01-02-01,anger
02-01-05-01-02-01-01,anger
02-01-05-01-02-02-01,anger
02-01-05-02-01-01-01,anger
02-01-05-02-01-02-01,anger
02-01-05-02-02-01-01,anger
02-01-05-02-02-02-01,anger
02-01-06-01-01-01-01,fear
02-01-06-01-01-02-01,fear
02-01-06-01-02-01-01,fear
02-01-06-01-02-02-01,fear
02-01-06-02-01-01-01,fear
02-01-06-02-01-02-01,fear
02-01-06-02-02-01-01,fear
02-01-06-02-02-02-01,fear
02-01-07-01-01-01-01,disgust
02-01-07-01-01-02-01,disgust
02-01-07-01-02-01-01,disgust
02-01-07-01-02-02-01,disgust
02-01-07-02-01-01-01,disgust
02-01-07-02-01-02-01,disgust
02-01-07-02-02-01-01,disgust
02-01-07-02-02-02-01,disgust
02-01-08-01-01-01-01,surprise
02-01-08-01-01-02-01,surprise
02-01-08-01-02-01-01,surprise
02-01-08-01-02-02-01,surprise
02-01-08-02-01-01-01,surprise
02-01-08-02-01-02-01,surprise
02-01-08-02-02-01-01,surprise
02-01-08-02-02-02-01,surprise
01-01-01-01-01-01-02,neutral
01-01-01-01-01-02-02,neutral
01-01-01-01-02-01-02,neutral
01-01-01-01-02-02-02,neutral
01-01-02-01-01-01-02,neutral
01-01-02-01-01-02-02,neutral
01-01-02-01-02-01-02,neutral
01-01-02-01-02-02-02,neutral
01-01-02-02-01-01-02,neutral
01-01-02-02-01-02-02,neutral
01-01-02-02-02-01-02,neutral
01-01-02-02-02-02-02,neutral
01-01-03-01-01-01-02,joy
01-01-03-01-01-02-02,joy
01-01-03-01-02-01-02,joy
01-01-03-01-02-02-02,joy
01-01-03-02-01-01-02,joy
01-01-03-02-01-02-02,joy
01-01-03-02-02-01-02,joy
01-01-03-02-02-02-02,joy
01-01-04-01-01-01-02,sadness
01-01-04-01-01-02-02,sadness
01-01-04-01-02-01-02,sadness
01-01-04-01-02-02-02,sadness
01-01-04-02-01-01-02,sadness
01-01-04-02-01-02-02,sadness
01-01-04-02-02-01-02,sadness
01-01-04-02-02-02-02,sadness
01-01-05-01-01-01-02,anger
01-01-05-01-01-02-02,anger
01-01-05-01-02-01-02,anger
01-01-05-01-02-02-02,anger
01-01-05-02-01-01-02,anger
01-01-05-02-01-02-02,anger
01-01-05-02-02-01-02,anger
01-01-05-02-02-02-02,anger
01-01-06-01-01-01-02,fear
01-01-06-01-01-02-02,fear
01-01-06-01-02-01-02,fear
01-01-06-01-02-02-02,fear
01-01-06-02-01-01-02,fear
01-01-06-02-01-02-02,fear
01-01-06-02-02-01-02,fear
01-01-06-02-02-02-02,fear
01-01-07-01-01-01-02,disgust
01-01-07-01-01-02-02,disgust
01-01-07-01-02-01-02,disgust
01-01-07-01-02-02-02,disgust
01-01-07-02-01-01-02,disgust
01-01-07-02-01-02-02,disgust
01-01-07-02-02-01-02,disgust
01-01-07-02-02-02-02,disgust
01-01-08-01-01-01-02,surprise
01-01-08-01-01-02-02,surprise
01-01-08-01-02-01-02,surprise
01-01-08-01-02-02-02,surprise
01-01-08-02-01-01-02,surprise
01-01-08-02-01-02-02,surprise
01-01-08-02-02-01-02,surprise
01-01-08-02-02-02-02,surprise
02-01-01-01-01-01-02,neutral
02-01-01-01-01-02-02,neutral
02-01-01-01-02-01-02,neutral
02-01-01-01-02-02-02,neutral
02-01-02-01-01-01-02,neutral
02-01-02-01-01-02-02,neutral
02-01-02-01-02-01-02,neutral
02-01-02-01-02-02-02,neutral
02-01-02-02-01-01-02,neutral
02-01-02-02-01-02-02,neutral
02-01-02-02-02-01-02,neutral
02-01-02-02-02-02-02,neutral
02-01-03-01-01-01-02,joy
02-01-03-01-01-02-02,joy
02-01-03-01-02-01-02,joy
02-01-03-01-02-02-02,joy
02-01-03-02-01-01-02,joy
02-01-03-02-01-02-02,joy
02-01-03-02-02-01-02,joy
02-01-03-02-02-02-02,joy
02-01-04-01-01-01-02,sadness
02-01-04-01-01-02-02,sadness
02-01-04-01-02-01-02,sadness
02-01-04-01-02-02-02,sadness
02-01-04-02-01-01-02,sadness
02-01-04-02-01-02-02,sadness
02-01-04-02-02-01-02,sadness
02-01-04-02-02-02-02,sadness
02-01-05-01-01-01-02,anger
02-01-05-01-01-02-02,anger
02-01-05-01-02-01-02,anger
02-01-05-01-02-02-02,anger
02-01-05-02-01-01-02,anger
02-01-05-02-01-02-02,anger
02-01-05-02-02-01-02,anger
02-01-05-02-02-02-02,anger
02-01-06-01-01-01-02,fear
02-01-06-01-01-02-02,fear
02-01-06-01-02-01-02,fear
02-01-06-01-02-02-02,fear
02-01-06-02-01-01-02,fear
02-01-06-02-01-02-02,fear
02-01-06-02-02-01-02,fear
02-01-06-02-02-02-02,fear
02-01-07-01-01-01-02,disgust
02-01-07-01-01-02-02,disgust
02-01-07-01-02-01-02,disgust
02-01-07-01-02-02-02,disgust
02-01-07-02-01-01-02,disgust
02-01-07-02-01-02-02,disgust
02-01-07-02-02-01-02,disgust
02-01-07-02-02-02-02,disgust
02-01-08-01-01-01-02,surprise
02-01-08-01-01-02-02,surprise
02-01-08-01-02-01-02,surprise
02-01-08-01-02-02-02,surprise
02-01-08-02-01-01-02,surprise
02-01-08-02-01-02-02,surprise
02-01-08-02-02-01-02,surprise
02-01-08-02-02-02-02,surprise
01-01-01-01-01-01-03,neutral
01-01-01-01-01-02-03,neutral
01-01-01-01-02-01-03,neutral
01-01-01-01-02-02-03,neutral
01-01-02-01-01-01-03,neutral
01-01-02-01-01-02-03,neutral
01-01-02-01-02-01-03,neutral
01-01-02-01-02-02-03,neutral
01-01-02-02-01-01-03,neutral
01-01-02-02-01-02-03,neutral
01-01-02-02-02-01-03,neutral
01-01-02-02-02-02-03,neutral
01-01-03-01-01-01-03,joy
01-01-03-01-01-02-03,joy
01-01-03-01-02-01-03,joy
01-01-03-01-02-02-03,joy
01-01-03-02-01-01-03,joy
01-01-03-02-01-02-03,joy
01-01-03-02-02-01-03,joy
01-01-03-02-02-02-03,joy
01-01-04-01-01-01-03,sadness
01-01-04-01-01-02-03,sadness
01-01-04-01-02-01-03,sadness
01-01-04-01-02-02-03,sadness
01-01-04-02-01-01-03,sadness
01-01-04-02-01-02-03,sadness
01-01-04-02-02-01-03,sadness
01-01-04-02-02-02-03,sadness
01-01-05-01-01-01-03,anger
01-01-05-01-01-02-03,anger
01-01-05-01-02-01-03,anger
01-01-05-01-02-02-03,anger
01-01-05-02-01-01-03,anger
01-01-05-02-01-02-03,anger
01-01-05-02-02-01-03,anger
01-01-05-02-02-02-03,anger
01-01-06-01-01-01-03,fear
01-01-06-01-01-02-03,fear
01-01-06-01-02-01-03,fear
01-01-06-01-02-02-03,fear
01-01-06-02-01-01-03,fear
01-01-06-02-01-02-03,fear
01-01-06-02-02-01-03,fear
01-01-06-02-02-02-03,fear
01-01-07-01-01-01-03,disgust
01-01-07-01-01-02-03,disgust
01-01-07-01-02-01-03,disgust
01-01-07-01-02-02-03,disgust
01-01-07-02-01-01-03,disgust
01-01-07-02-01-02-03,disgust
01-01-07-02-02-01-03,disgust
01-01-07-02-02-02-03,disgust
01-01-08-01-01-01-03,surprise
01-01-08-01-01-02-03,surprise
01-01-08-01-02-01-03,surprise
01-01-08-01-02-02-03,surprise
01-01-08-02-01-01-03,surprise
01-01-08-02-01-02-03,surprise
01-01-08-02-02-01-03,surprise
01-01-08-02-02-02-03,surprise
02-01-01-01-01-01-03,neutral
02-01-01-01-01-02-03,neutral
02-01-01-01-02-01-03,neutral
02-01-01-01-02-02-03,neutral
02-01-02-01-01-01-03,neutral
02-01-02-01-01-02-03,neutral
02-01-02-01-02-01-03,neutral
02-01-02-01-02-02-03,neutral
02-01-02-02-01-01-03,neutral
02-01-02-02-01-02-03,neutral
02-01-02-02-02-01-03,neutral
02-01-02-02-02-02-03,neutral
02-01-03-01-01-01-03,joy
02-01-03-01-01-02-03,joy
02-01-03-01-02-01-03,joy
02-01-03-01-02-02-03,joy
02-01-03-02-01-01-03,joy
02-01-03-02-01-02-03,joy
02-01-03-02-02-01-03,joy
02-01-03-02-02-02-03,joy
02-01-04-01-01-01-03,sadness
02-01-04-01-01-02-03,sadness
02-01-04-01-02-01-03,sadness
02-01-04-01-02-02-03,sadness
02-01-04-02-01-01-03,sadness
02-01-04-02-01-02-03,sadness
02-01-04-02-02-01-03,sadness
02-01-04-02-02-02-03,sadness
02-01-05-01-01-01-03,anger
02-01-05-01-01-02-03,anger
02-01-05-01-02-01-03,anger
02-01-05-01-02-02-03,anger
02-01-05-02-01-01-03,anger
02-01-05-02-01-02-03,anger
02-01-05-02-02-01-03,anger
02-01-05-02-02-02-03,anger
02-01-06-01-01-01-03,fear
02-01-06-01-01-02-03,fear
02-01-06-01-02-01-03,fear
02-01-06-01-02-02-03,fear
02-01-06-02-01-01-03,fear
02-01-06-02-01-02-03,fear
02-01-06-02-02-01-03,fear
02-01-06-02-02-02-03,fear
02-01-07-01-01-01-03,disgust
02-01-07-01-01-02-03,disgust
02-01-07-01-02-01-03,disgust
02-01-07-01-02-02-03,disgust
02-01-07-02-01-01-03,disgust
02-01-07-02-01-02-03,disgust
02-01-07-02-02-01-03,disgust
02-01-07-02-02-02-03,disgust
02-01-08-01-01-01-03,surprise
02-01-08-01-01-02-03,surprise
02-01-08-01-02-01-03,surprise
02-01-08-01-02-02-03,surprise
02-01-08-02-01-01-03,surprise
02-01-08-02-01-02-03,surprise
02-01-08-02-02-01-03,surprise
02-01-08-02-02-02-03,surprise
01-01-01-01-01-01-04,neutral
01-01-01-01-01-02-04,neutral
01-01-01-01-02-01-04,neutral
01-01-01-01-02-02-04,neutral
01-01-02-01-01-01-04,neutral
01-01-02-01-01-02-04,neutral
01-01-02-01-02-01-04,neutral
01-01-02-01-02-02-04,neutral
01-01-02-02-01-01-04,neutral
01-01-02-02-01-02-04,neutral
01-01-02-02-02-01-04,neutral
01-01-02-02-02-02-04,neutral
01-01-03-01-01-01-04,joy
01-01-03-01-01-02-04,joy
01-01-03-01-02-01-04,joy
01-01-03-01-02-02-04,joy
01-01-03-02-01-01-04,joy
01-01-03-02-01-02-04,joy
01-01-03-02-02-01-04,joy
01-01-03-02-02-02-04,joy
01-01-04-01-01-01-04,sadness
01-01-04-01-01-02-04,sadness
01-01-04-01-02-01-04,sadness
01-01-04-01-02-02-04,sadness
01-01-04-02-01-01-04,sadness
01-01-04-02-01-02-04,sadness
01-01-04-02-02-01-04,sadness
01-01-04-02-02-02-04,sadness
01-01-05-01-01-01-04,anger
01-01-05-01-01-02-04,anger
01-01-05-01-02-01-04,anger
01-01-05-01-02-02-04,anger
01-01-05-02-01-01-04,anger
01-01-05-02-01-02-04,anger
01-01-05-02-02-01-04,anger
01-01-05-02-02-02-04,anger
01-01-06-01-01-01-04,fear
01-01-06-01-01-02-04,fear
01-01-06-01-02-01-04,fear
01-01-06-01-02-02-04,fear
01-01-06-02-01-01-04,fear
01-01-06-02-01-02-04,fear
01-01-06-02-02-01-04,fear
01-01-06-02-02-02-04,fear
01-01-07-01-01-01-04,disgust
01-01-07-01-01-02-04,disgust
01-01-07-01-02-01-04,disgust
01-01-07-01-02-02-04,disgust
01-01-07-02-01-01-04,disgust
01-01-07-02-01-02-04,disgust
01-01-07-02-02-01-04,disgust
01-01-07-02-02-02-04,disgust
01-01-08-01-01-01-04,surprise
01-01-08-01-01-02-04,surprise
01-01-08-01-02-01-04,surprise
01-01-08-01-02-02-04,surprise
01-01-08-02-01-01-04,surprise
01-01-08-02-01-02-04,surprise
01-01-08-02-02-01-04,surprise
01-01-08-02-02-02-04,surprise
02-01-01-01-01-01-04,neutral
02-01-01-01-01-02-04,neutral
02-01-01-01-02-01-04,neutral
02-01-01-01-02-02-04,neutral
02-01-02-01-01-01-04,neutral
02-01-02-01-01-02-04,neutral
02-01-02-01-02-01-04,neutral
02-01-02-01-02-02-04,neutral
02-01-02-02-01-01-04,neutral
02-01-02-02-01-02-04,neutral
02-01-02-02-02-01-04,neutral
02-01-02-02-02-02-04,neutral
02-01-03-01-01-01-04,joy
02-01-03-01-01-02-04,joy
02-01-03-01-02-01-04,joy
02-01-03-01-02-02-04,joy
02-01-03-02-01-01-04,joy
02-01-03-02-01-02-04,joy
02-01-03-02-02-01-04,joy
02-01-03-02-02-02-04,joy
02-01-04-01-01-01-04,sadness
02-01-04-01-01-02-04,sadness
02-01-04-01-02-01-04,sadness
02-01-04-01-02-02-04,sadness
02-01-04-02-01-01-04,sadness
02-01-04-02-01-02-04,sadness
02-01-04-02-02-01-04,sadness
02-01-04-02-02-02-04,sadness
02-01-05-01-01-01-04,anger
02-01-05-01-01-02-04,anger
02-01-05-01-02-01-04,anger
02-01-05-01-02-02-04,anger
02-01-05-02-01-01-04,anger
02-01-05-02-01-02-04,anger
02-01-05-02-02-01-04,anger
02-01-05-02-02-02-04,anger
02-01-06-01-01-01-04,fear
02-01-06-01-01-02-04,fear
02-01-06-01-02-01-04,fear
02-01-06-01-02-02-04,fear
02-01-06-02-01-01-04,fear
02-01-06-02-01-02-04,fear
02-01-06-02-02-01-04,fear
02-01-06-02-02-02-04,fear
02-01-07-01-01-01-04,disgust
02-01-07-01-01-02-04,disgust
02-01-07-01-02-01-04,disgust
02-01-07-01-02-02-04,disgust
02-01-07-02-01-01-04,disgust
02-01-07-02-01-02-04,disgust
02-01-07-02-02-01-04,disgust
02-01-07-02-02-02-04,disgust
02-01-08-01-01-01-04,surprise
02-01-08-01-01-02-04,surprise
02-01-08-01-02-01-04,surprise
02-01-08-01-02-02-04,surprise
02-01-08-02-01-01-04,surprise
02-01-08-02-01-02-04,surprise
02-01-08-02-02-01-04,surprise
02-01-08-02-02-02-04,surprise
01-01-01-01-01-01-05,neutral
01-01-01-01-01-02-05,neutral
01-01-01-01-02-01-05,neutral
01-01-01-01-02-02-05,neutral
01-01-02-01-01-01-05,neutral
01-01-02-01-01-02-05,neutral
01-01-02-01-02-01-05,neutral
01-01-02-01-02-02-05,neutral
01-01-02-02-01-01-05,neutral
01-01-02-02-01-02-05,neutral
01-01-02-02-02-01-05,neutral
01-01-02-02-02-02-05,neutral
01-01-03-01-01-01-05,joy
01-01-03-01-01-02-05,joy
01-01-03-01-02-01-05,joy
01-01-03-01-02-02-05,joy
01-01-03-02-01-01-05,joy
01-01-03-02-01-02-05,joy
01-01-03-02-02-01-05,joy
01-01-03-02-02-02-05,joy
01-01-04-01-01-01-05,sadness
01-01-04-01-01-02-05,sadness
01-01-04-01-02-01-05,sadness
01-01-04-01-02-02-05,sadness
01-01-04-02-01-01-05,sadness
01-01-04-02-01-02-05,sadness
01-01-04-02-02-01-05,sadness
01-01-04-02-02-02-05,sadness
01-01-05-01-01-01-05,anger
01-01-05-01-01-02-05,anger
01-01-05-01-02-01-05,anger
01-01-05-01-02-02-05,anger
01-01-05-02-01-01-05,anger
01-01-05-02-01-02-05,anger
01-01-05-02-02-01-05,anger
01-01-05-02-02-02-05,anger
01-01-06-01-01-01-05,fear
01-01-06-01-01-02-05,fear
01-01-06-01-02-01-05,fear
01-01-06-01-02-02-05,fear
01-01-06-02-01-01-05,fear
01-01-06-02-01-02-05,fear
01-01-06-02-02-01-05,fear
01-01-06-02-02-02-05,fear
01-01-07-01-01-01-05,disgust
01-01-07-01-01-02-05,disgust
01-01-07-01-02-01-05,disgust
01-01-07-01-02-02-05,disgust
01-01-07-02-01-01-05,disgust
01-01-07-02-01-02-05,disgust
01-01-07-02-02-01-05,disgust
01-01-07-02-02-02-05,disgust
01-01-08-01-01-01-05,surprise
01-01-08-01-01-02-05,surprise
01-01-08-01-02-01-05,surprise
01-01-08-01-02-02-05,surprise
01-01-08-02-01-01-05,surprise
01-01-08-02-01-02-05,surprise
01-01-08-02-02-01-05,surprise
01-01-08-02-02-02-05,surprise
02-01-01-01-01-01-05,neutral
02-01-01-01-01-02-05,neutral
02-01-01-01-02-01-05,neutral
02-01-01-01-02-02-05,neutral
02-01-02-01-01-01-05,neutral
02-01-02-01-01-02-05,neutral
02-01-02-01-02-01-05,neutral
02-01-02-01-02-02-05,neutral
02-01-02-02-01-01-05,neutral
02-01-02-02-01-02-05,neutral
02-01-02-02-02-01-05,neutral
02-01-02-02-02-02-05,neutral
02-01-03-01-01-01-05,joy
02-01-03-01-01-02-05,joy
02-01-03-01-02-01-05,joy
02-01-03-01-02-02-05,joy
02-01-03-02-01-01-05,joy
02-01-03-02-01-02-05,joy
02-01-03-02-02-01-05,joy
02-01-03-02-02-02-05,joy
02-01-04-01-01-01-05,sadness
02-01-04-01-01-02-05,sadness
02-01-04-01-02-01-05,sadness
02-01-04-01-02-02-05,sadness
02-01-04-02-01-01-05,sadness
02-01-04-02-01-02-05,sadness
02-01-04-02-02-01-05,sadness
02-01-04-02-02-02-05,sadness
02-01-05-01-01-01-05,anger
02-01-05-01-01-02-05,anger
02-01-05-01-02-01-05,anger
02-01-05-01-02-02-05,anger
02-01-05-02-01-01-05,anger
02-01-05-02-01-02-05,anger
02-01-05-02-02-01-05,anger
02-01-05-02-02-02-05,anger
02-01-06-01-01-01-05,fear
02-01-06-01-01-02-05,fear
02-01-06-01-02-01-05,fear
02-01-06-01-02-02-05,fear
02-01-06-02-01-01-05,fear
02-01-06-02-01-02-05,fear
02-01-06-02-02-01-05,fear
02-01-06-02-02-02-05,fear
02-01-07-01-01-01-05,disgust
02-01-07-01-01-02-05,disgust
02-01-07-01-02-01-05,disgust
02-01-07-01-02-02-05,disgust
02-01-07-02-01-01-05,disgust
02-01-07-02-01-02-05,disgust
02-01-07-02-02-01-05,disgust
02-01-07-02-02-02-05,disgust
02-01-08-01-01-01-05,surprise
02-01-08-01-01-02-05,surprise
02-01-08-01-02-01-05,surprise
02-01-08-01-02-02-05,surprise
02-01-08-02-01-01-05,surprise
02-01-08-02-01-02-05,surprise
02-01-08-02-02-01-05,surprise
02-01-08-02-02-02-05,surprise
01-01-01-01-01-01-06,neutral
01-01-01-01-01-02-06,neutral
01-01-01-01-02-01-06,neutral
01-01-01-01-02-02-06,neutral
01-01-02-01-01-01-06,neutral
01-01-02-01-01-02-06,neutral
01-01-02-01-02-01-06,neutral
01-01-02-01-02-02-06,neutral
01-01-02-02-01-01-06,neutral
01-01-02-02-01-02-06,neutral
01-01-02-02-02-01-06,neutral
01-01-02-02-02-02-06,neutral
01-01-03-01-01-01-06,joy
01-01-03-01-01-02-06,joy
01-01-03-01-02-01-06,joy
01-01-03-01-02-02-06,joy
01-01-03-02-01-01-06,joy
01-01-03-02-01-02-06,joy
01-01-03-02-02-01-06,joy
01-01-03-02-02-02-06,joy
01-01-04-01-01-01-06,sadness
01-01-04-01-01-02-06,sadness
01-01-04-01-02-01-06,sadness
01-01-04-01-02-02-06,sadness
01-01-04-02-01-01-06,sadness
01-01-04-02-01-02-06,sadness
01-01-04-02-02-01-06,sadness
01-01-04-02-02-02-06,sadness
01-01-05-01-01-01-06,anger
01-01-05-01-01-02-06,anger
01-01-05-01-02-01-06,anger
01-01-05-01-02-02-06,anger
01-01-05-02-01-01-06,anger
01-01-05-02-01-02-06,anger
01-01-05-02-02-01-06,anger
01-01-05-02-02-02-06,anger
01-01-06-01-01-01-06,fear
01-01-06-01-01-02-06,fear
01-01-06-01-02-01-06,fear
01-01-06-01-02-02-06,fear
01-01-06-02-01-01-06,fear
01-01-06-02-01-02-06,fear
01-01-06-02-02-01-06,fear
01-01-06-02-02-02-06,fear
01-01-07-01-01-01-06,disgust
01-01-07-01-01-02-06,disgust
01-01-07-01-02-01-06,disgust
01-01-07-01-02-02-06,disgust
01-01-07-02-01-01-06,disgust
01-01-07-02-01-02-06,disgust
01-01-07-02-02-01-06,disgust
01-01-07-02-02-02-06,disgust
01-01-08-01-01-01-06,surprise
01-01-08-01-01-02-06,surprise
01-01-08-01-02-01-06,surprise
01-01-08-01-02-02-06,surprise
01-01-08-02-01-01-06,surprise
01-01-08-02-01-02-06,surprise
01-01-08-02-02-01-06,surprise
01-01-08-02-02-02-06,surprise
02-01-01-01-01-01-06,neutral
02-01-01-01-01-02-06,neutral
02-01-01-01-02-01-06,neutral
02-01-01-01-02-02-06,neutral
02-01-02-01-01-01-06,neutral
02-01-02-01-01-02-06,neutral
02-01-02-01-02-01-06,neutral
02-01-02-01-02-02-06,neutral
02-01-02-02-01-01-06,neutral
02-01-02-02-01-02-06,neutral
02-01-02-02-02-01-06,neutral
02-01-02-02-02-02-06,neutral
02-01-03-01-01-01-06,joy
02-01-03-01-01-02-06,joy
02-01-03-01-02-01-06,joy
02-01-03-01-02-02-06,joy
02-01-03-02-01-01-06,joy
02-01-03-02-01-02-06,joy
02-01-03-02-02-01-06,joy
02-01-03-02-02-02-06,joy
02-01-04-01-01-01-06,sadness
02-01-04-01-01-02-06,sadness
02-01-04-01-02-01-06,sadness
02-01-04-01-02-02-06,sadness
02-01-04-02-01-01-06,sadness
02-01-04-02-01-02-06,sadness
02-01-04-02-02-01-06,sadness
02-01-04-02-02-02-06,sadness
02-01-05-01-01-01-06,anger
02-01-05-01-01-02-06,anger
02-01-05-01-02-01-06,anger
02-01-05-01-02-02-06,anger
02-01-05-02-01-01-06,anger
02-01-05-02-01-02-06,anger
02-01-05-02-02-01-06,anger
02-01-05-02-02-02-06,anger
02-01-06-01-01-01-06,fear
02-01-06-01-01-02-06,fear
02-01-06-01-02-01-06,fear
02-01-06-01-02-02-06,fear
02-01-06-02-01-01-06,fear
02-01-06-02-01-02-06,fear
02-01-06-02-02-01-06,fear
02-01-06-02-02-02-06,fear
02-01-07-01-01-01-06,disgust
02-01-07-01-01-02-06,disgust
02-01-07-01-02-01-06,disgust
02-01-07-01-02-02-06,disgust
02-01-07-02-01-01-06,disgust
02-01-07-02-01-02-06,disgust
02-01-07-02-02-01-06,disgust
02-01-07-02-02-02-06,disgust
02-01-08-01-01-01-06,surprise
02-01-08-01-01-02-06,surprise
02-01-08-01-02-01-06,surprise
02-01-08-01-02-02-06,surprise
02-01-08-02-01-01-06,surprise
02-01-08-02-01-02-06,surprise
02-01-08-02-02-01-06,surprise
02-01-08-02-02-02-06,surprise
01-01-01-01-01-01-07,neutral
01-01-01-01-01-02-07,neutral
01-01-01-01-02-01-07,neutral
01-01-01-01-02-02-07,neutral
01-01-02-01-01-01-07,neutral
01-01-02-01-01-02-07,neutral
01-01-02-01-02-01-07,neutral
01-01-02-01-02-02-07,neutral
01-01-02-02-01-01-07,neutral
01-01-02-02-01-02-07,neutral
01-01-02-02-02-01-07,neutral
01-01-02-02-02-02-07,neutral
01-01-03-01-01-01-07,joy
01-01-03-01-01-02-07,joy
01-01-03-01-02-01-07,joy
01-01-03-01-02-02-07,joy
01-01-03-02-01-01-07,joy
01-01-03-02-01-02-07,joy
01-01-03-02-02-01-07,joy
01-01-03-02-02-02-07,joy
01-01-04-01-01-01-07,sadness
01-01-04-01-01-02-07,sadness
01-01-04-01-02-01-07,sadness
01-01-04-01-02-02-07,sadness
01-01-04-02-01-01-07,sadness
01-01-04-02-01-02-07,sadness
01-01-04-02-02-01-07,sadness
01-01-04-02-02-02-07,sadness
01-01-05-01-01-01-07,anger
01-01-05-01-01-02-07,anger
01-01-05-01-02-01-07,anger
01-01-05-01-02-02-07,anger
01-01-05-02-01-01-07,anger
01-01-05-02-01-02-07,anger
01-01-05-02-02-01-07,anger
01-01-05-02-02-02-07,anger
01-01-06-01-01-01-07,fear
01-01-06-01-01-02-07,fear
01-01-06-01-02-01-07,fear
01-01-06-01-02-02-07,fear
01-01-06-02-01-01-07,fear
01-01-06-02-01-02-07,fear
01-01-06-02-02-01-07,fear
01-01-06-02-02-02-07,fear
01-01-07-01-01-01-07,disgust
01-01-07-01-01-02-07,disgust
01-01-07-01-02-01-07,disgust
01-01-07-01-02-02-07,disgust
01-01-07-02-01-01-07,disgust
01-01-07-02-01-02-07,disgust
01-01-07-02-02-01-07,disgust
01-01-07-02-02-02-07,disgust
01-01-08-01-01-01-07,surprise
01-01-08-01-01-02-07,surprise
01-01-08-01-02-01-07,surprise
01-01-08-01-02-02-07,surprise
01-01-08-02-01-01-07,surprise
01-01-08-02-01-02-07,surprise
01-01-08-02-02-01-07,surprise
01-01-08-02-02-02-07,surprise
02-01-01-01-01-01-07,neutral
02-01-01-01-01-02-07,neutral
02-01-01-01-02-01-07,neutral
02-01-01-01-02-02-07,neutral
02-01-02-01-01-01-07,neutral
02-01-02-01-01-02-07,neutral
02-01-02-01-02-01-07,neutral
02-01-02-01-02-02-07,neutral
02-01-02-02-01-01-07,neutral
02-01-02-02-01-02-07,neutral
02-01-02-02-02-01-07,neutral
02-01-02-02-02-02-07,neutral
02-01-03-01-01-01-07,joy
02-01-03-01-01-02-07,joy
02-01-03-01-02-01-07,joy
02-01-03-01-02-02-07,joy
02-01-03-02-01-01-07,joy
02-01-03-02-01-02-07,joy
02-01-03-02-02-01-07,joy
02-01-03-02-02-02-07,joy
02-01-04-01-01-01-07,sadness
02-01-04-01-01-02-07,sadness
02-01-04-01-02-01-07,sadness
02-01-04-01-02-02-07,sadness
02-01-04-02-01-01-07,sadness
02-01-04-02-01-02-07,sadness
02-01-04-02-02-01-07,sadness
02-01-04-02-02-02-07,sadness
02-01-05-01-01-01-07,anger
02-01-05-01-01-02-07,anger
02-01-05-01-02-01-07,anger
02-01-05-01-02-02-07,anger
02-01-05-02-01-01-07,anger
02-01-05-02-01-02-07,anger
02-01-05-02-02-01-07,anger
02-01-05-02-02-02-07,anger
02-01-06-01-01-01-07,fear
02-01-06-01-01-02-07,fear
02-01-06-01-02-01-07,fear
02-01-06-01-02-02-07,fear
02-01-06-02-01-01-07,fear
02-01-06-02-01-02-07,fear
02-01-06-02-02-01-07,fear
02-01-06-02-02-02-07,fear
02-01-07-01-01-01-07,disgust
02-01-07-01-01-02-07,disgust
02-01-07-01-02-01-07,disgust
02-01-07-01-02-02-07,disgust
02-01-07-02-01-01-07,disgust
02-01-07-02-01-02-07,disgust
02-01-07-02-02-01-07,disgust
02-01-07-02-02-02-07,disgust
02-01-08-01-01-01-07,surprise
02-01-08-01-01-02-07,surprise
02-01-08-01-02-01-07,surprise
02-01-08-01-02-02-07,surprise
02-01-08-02-01-01-07,surprise
02-01-08-02-01-02-07,surprise
02-01-08-02-02-01-07,surprise
02-01-08-02-02-02-07,surprise
01-01-01-01-01-01-08,neutral
01-01-01-01-01-02-08,neutral
01-01-01-01-02-01-08,neutral
01-01-01-01-02-02-08,neutral
01-01-02-01-01-01-08,neutral
01-01-02-01-01-02-08,neutral
01-01-02-01-02-01-08,neutral
01-01-02-01-02-02-08,neutral
01-01-02-02-01-01-08,neutral
01-01-02-02-01-02-08,neutral
01-01-02-02-02-01-08,neutral
01-01-02-02-02-02-08,neutral
01-01-03-01-01-01-08,joy
01-01-03-01-01-02-08,joy
01-01-03-01-02-01-08,joy
01-01-03-01-02-02-08,joy
01-01-03-02-01-01-08,joy
01-01-03-02-01-02-08,joy
01-01-03-02-02-01-08,joy
01-01-03-02-02-02-08,joy
01-01-04-01-01-01-08,sadness
01-01-04-01-01-02-08,sadness
01-01-04-01-02-01-08,sadness
01-01-04-01-02-02-08,sadness
01-01-04-02-01-01-08,sadness
01-01-04-02-01-02-08,sadness
01-01-04-02-02-01-08,sadness
01-01-04-02-02-02-08,sadness
01-01-05-01-01-01-08,anger
01-01-05-01-01-02-08,anger
01-01-05-01-02-01-08,anger
01-01-05-01-02-02-08,anger
01-01-05-02-01-01-08,anger
01-01-05-02-01-02-08,anger
01-01-05-02-02-01-08,anger
01-01-05-02-02-02-08,anger
01-01-06-01-01-01-08,fear
01-01-06-01-01-02-08,fear
01-01-06-01-02-01-08,fear
01-01-06-01-02-02-08,fear
01-01-06-02-01-01-08,fear
01-01-06-02-01-02-08,fear
01-01-06-02-02-01-08,fear
01-01-06-02-02-02-08,fear
01-01-07-01-01-01-08,disgust
01-01-07-01-01-02-08,disgust
01-01-07-01-02-01-08,disgust
01-01-07-01-02-02-08,disgust
01-01-07-02-01-01-08,disgust
01-01-07-02-01-02-08,disgust
01-01-07-02-02-01-08,disgust
01-01-07-02-02-02-08,disgust
01-01-08-01-01-01-08,surprise
01-01-08-01-01-02-08,surprise
01-01-08-01-02-01-08,surprise
01-01-08-01-02-02-08,surprise
01-01-08-02-01-01-08,surprise
01-01-08-02-01-02-08,surprise
01-01-08-02-02-01-08,surprise
01-01-08-02-02-02-08,surprise
02-01-01-01-01-01-08,neutral
02-01-01-01-01-02-08,neutral
02-01-01-01-02-01-08,neutral
02-01-01-01-02-02-08,neutral
02-01-02-01-01-01-08,neutral
02-01-02-01-01-02-08,neutral
02-01-02-01-02-01-08,neutral
02-01-02-01-02-02-08,neutral
02-01-02-02-01-01-08,neutral
02-01-02-02-01-02-08,neutral
02-01-02-02-02-01-08,neutral
02-01-02-02-02-02-08,neutral
02-01-03-01-01-01-08,joy
02-01-03-01-01-02-08,joy
02-01-03-01-02-01-08,joy
02-01-03-01-02-02-08,joy
02-01-03-02-01-01-08,joy
02-01-03-02-01-02-08,joy
02-01-03-02-02-01-08,joy
02-01-03-02-02-02-08,joy
02-01-04-01-01-01-08,sadness
02-01-04-01-01-02-08,sadness
02-01-04-01-02-01-08,sadness
02-01-04-01-02-02-08,sadness
02-01-04-02-01-01-08,sadness
02-01-04-02-01-02-08,sadness
02-01-04-02-02-01-08,sadness
02-01-04-02-02-02-08,sadness
02-01-05-01-01-01-08,anger
02-01-05-01-01-02-08,anger
02-01-05-01-02-01-08,anger
02-01-05-01-02-02-08,anger
02-01-05-02-01-01-08,anger
02-01-05-02-01-02-08,anger
02-01-05-02-02-01-08,anger
02-01-05-02-02-02-08,anger
02-01-06-01-01-01-08,fear
02-01-06-01-01-02-08,fear
02-01-06-01-02-01-08,fear
02-01-06-01-02-02-08,fear
02-01-06-02-01-01-08,fear
02-01-06-02-01-02-08,fear
02-01-06-02-02-01-08,fear
02-01-06-02-02-02-08,fear
02-01-07-01-01-01-08,disgust
02-01-07-01-01-02-08,disgust
02-01-07-01-02-01-08,disgust
02-01-07-01-02-02-08,disgust
02-01-07-02-01-01-08,disgust
02-01-07-02-01-02-08,disgust
02-01-07-02-02-01-08,disgust
02-01-07-02-02-02-08,disgust
02-01-08-01-01-01-08,surprise
02-01-08-01-01-02-08,surprise
02-01-08-01-02-01-08,surprise
02-01-08-01-02-02-08,surprise
02-01-08-02-01-01-08,surprise
02-01-08-02-01-02-08,surprise
02-01-08-02-02-01-08,surprise
02-01-08-02-02-02-08,surprise
01-01-01-01-01-01-09,neutral
01-01-01-01-01-02-09,neutral
01-01-01-01-02-01-09,neutral
01-01-01-01-02-02-09,neutral
01-01-02-01-01-01-09,neutral
01-01-02-01-01-02-09,neutral
01-01-02-01-02-01-09,neutral
01-01-02-01-02-02-09,neutral
01-01-02-02-01-01-09,neutral
01-01-02-02-01-02-09,neutral
01-01-02-02-02-01-09,neutral
01-01-02-02-02-02-09,neutral
01-01-03-01-01-01-09,joy
01-01-03-01-01-02-09,joy
01-01-03-01-02-01-09,joy
01-01-03-01-02-02-09,joy
01-01-03-02-01-01-09,joy
01-01-03-02-01-02-09,joy
01-01-03-02-02-01-09,joy
01-01-03-02-02-02-09,joy
01-01-04-01-01-01-09,sadness
01-01-04-01-01-02-09,sadness
01-01-04-01-02-01-09,sadness
01-01-04-01-02-02-09,sadness
01-01-04-02-01-01-09,sadness
01-01-04-02-01-02-09,sadness
01-01-04-02-02-01-09,sadness
01-01-04-02-02-02-09,sadness
01-01-05-01-01-01-09,anger
01-01-05-01-01-02-09,anger
01-01-05-01-02-01-09,anger
01-01-05-01-02-02-09,anger
01-01-05-02-01-01-09,anger
01-01-05-02-01-02-09,anger
01-01-05-02-02-01-09,anger
01-01-05-02-02-02-09,anger
01-01-06-01-01-01-09,fear
01-01-06-01-01-02-09,fear
01-01-06-01-02-01-09,fear
01-01-06-01-02-02-09,fear
01-01-06-02-01-01-09,fear
01-01-06-02-01-02-09,fear
01-01-06-02-02-01-09,fear
01-01-06-02-02-02-09,fear
01-01-07-01-01-01-09,disgust
01-01-07-01-01-02-09,disgust
01-01-07-01-02-01-09,disgust
01-01-07-01-02-02-09,disgust
01-01-07-02-01-01-09,disgust
01-01-07-02-01-02-09,disgust
01-01-07-02-02-01-09,disgust
01-01-07-02-02-02-09,disgust
01-01-08-01-01-01-09,surprise
01-01-08-01-01-02-09,surprise
01-01-08-01-02-01-09,surprise
01-01-08-01-02-02-09,surprise
01-01-08-02-01-01-09,surprise
01-01-08-02-01-02-09,surprise
01-01-08-02-02-01-09,surprise
01-01-08-02-02-02-09,surprise
02-01-01-01-01-01-09,neutral
02-01-01-01-01-02-09,neutral
02-01-01-01-02-01-09,neutral
02-01-01-01-02-02-09,neutral
02-01-02-01-01-01-09,neutral
02-01-02-01-01-02-09,neutral
02-01-02-01-02-01-09,neutral
02-01-02-01-02-02-09,neutral
02-01-02-02-01-01-09,neutral
02-01-02-02-01-02-09,neutral
02-01-02-02-02-01-09,neutral
02-01-02-02-02-02-09,neutral
02-01-03-01-01-01-09,joy
02-01-03-01-01-02-09,joy
02-01-03-01-02-01-09,joy
02-01-03-01-02-02-09,joy
02-01-03-02-01-01-09,joy
02-01-03-02-01-02-09,joy
02-01-03-02-02-01-09,joy
02-01-03-02-02-02-09,joy
02-01-04-01-01-01-09,sadness
02-01-04-01-01-02-09,sadness
02-01-04-01-02-01-09,sadness
02-01-04-01-02-02-09,sadness
02-01-04-02-01-01-09,sadness
02-01-04-02-01-02-09,sadness
02-01-04-02-02-01-09,sadness
02-01-04-02-02-02-09,sadness
02-01-05-01-01-01-09,anger
02-01-05-01-01-02-09,anger
02-01-05-01-02-01-09,anger
02-01-05-01-02-02-09,anger
02-01-05-02-01-01-09,anger
02-01-05-02-01-02-09,anger
02-01-05-02-02-01-09,anger
02-01-05-02-02-02-09,anger
02-01-06-01-01-01-09,fear
02-01-06-01-01-02-09,fear
02-01-06-01-02-01-09,fear
02-01-06-01-02-02-09,fear
02-01-06-02-01-01-09,fear
02-01-06-02-01-02-09,fear
02-01-06-02-02-01-09,fear
02-01-06-02-02-02-09,fear
02-01-07-01-01-01-09,disgust
02-01-07-01-01-02-09,disgust
02-01-07-01-02-01-09,disgust
02-01-07-01-02-02-09,disgust
02-01-07-02-01-01-09,disgust
02-01-07-02-01-02-09,disgust
02-01-07-02-02-01-09,disgust
02-01-07-02-02-02-09,disgust
02-01-08-01-01-01-09,surprise
02-01-08-01-01-02-09,surprise
02-01-08-01-02-01-09,surprise
02-01-08-01-02-02-09,surprise
02-01-08-02-01-01-09,surprise
02-01-08-02-01-02-09,surprise
02-01-08-02-02-01-09,surprise
02-01-08-02-02-02-09,surprise
01-01-01-01-01-01-10,neutral
01-01-01-01-01-02-10,neutral
01-01-01-01-02-01-10,neutral
01-01-01-01-02-02-10,neutral
01-01-02-01-01-01-10,neutral
01-01-02-01-01-02-10,neutral
01-01-02-01-02-01-10,neutral
01-01-02-01-02-02-10,neutral
01-01-02-02-01-01-10,neutral
01-01-02-02-01-02-10,neutral
01-01-02-02-02-01-10,neutral
01-01-02-02-02-02-10,neutral
01-01-03-01-01-01-10,joy
01-01-03-01-01-02-10,joy
01-01-03-01-02-01-10,joy
01-01-03-01-02-02-10,joy
01-01-03-02-01-01-10,joy
01-01-03-02-01-02-10,joy
01-01-03-02-02-01-10,joy
01-01-03-02-02-02-10,joy
01-01-04-01-01-01-10,sadness
01-01-04-01-01-02-10,sadness
01-01-04-01-02-01-10,sadness
01-01-04-01-02-02-10,sadness
01-01-04-02-01-01-10,sadness
01-01-04-02-01-02-10,sadness
01-01-04-02-02-01-10,sadness
01-01-04-02-02-02-10,sadness
01-01-05-01-01-01-10,anger
01-01-05-01-01-02-10,anger
01-01-05-01-02-01-10,anger
01-01-05-01-02-02-10,anger
01-01-05-02-01-01-10,anger
01-01-05-02-01-02-10,anger
01-01-05-02-02-01-10,anger
01-01-05-02-02-02-10,anger
01-01-06-01-01-01-10,fear
01-01-06-01-01-02-10,fear
01-01-06-01-02-01-10,fear
01-01-06-01-02-02-10,fear
01-01-06-02-01-01-10,fear
01-01-06-02-01-02-10,fear
01-01-06-02-02-01-10,fear
01-01-06-02-02-02-10,fear
01-01-07-01-01-01-10,disgust
01-01-07-01-01-02-10,disgust
01-01-07-01-02-01-10,disgust
01-01-07-01-02-02-10,disgust
01-01-07-02-01-01-10,disgust
01-01-07-02-01-02-10,disgust
01-01-07-02-02-01-10,disgust
01-01-07-02-02-02-10,disgust
01-01-08-01-01-01-10,surprise
01-01-08-01-01-02-10,surprise
01-01-08-01-02-01-10,surprise
01-01-08-01-02-02-10,surprise
01-01-08-02-01-01-10,surprise
01-01-08-02-01-02-10,surprise
01-01-08-02-02-01-10,surprise
01-01-08-02-02-02-10,surprise
02-01-01-01-01-01-10,neutral
02-01-01-01-01-02-10,neutral
02-01-01-01-02-01-10,neutral
02-01-01-01-02-02-10,neutral
02-01-02-01-01-01-10,neutral
02-01-02-01-01-02-10,neutral
02-01-02-01-02-01-10,neutral
02-01-02-01-02-02-10,neutral
02-01-02-02-01-01-10,neutral
02-01-02-02-01-02-10,neutral
02-01-02-02-02-01-10,neutral
02-01-02-02-02-02-10,neutral
02-01-03-01-01-01-10,joy
02-01-03-01-01-02-10,joy
02-01-03-01-02-01-10,joy
02-01-03-01-02-02-10,joy
02-01-03-02-01-01-10,joy
02-01-03-02-01-02-10,joy
02-01-03-02-02-01-10,joy
02-01-03-02-02-02-10,joy
02-01-04-01-01-01-10,sadness
02-01-04-01-01-02-10,sadness
02-01-04-01-02-01-10,sadness
02-01-04-01-02-02-10,sadness
02-01-04-02-01-01-10,sadness
02-01-04-02-01-02-10,sadness
02-01-04-02-02-01-10,sadness
02-01-04-02-02-02-10,sadness
02-01-05-01-01-01-10,anger
02-01-05-01-01-02-10,anger
02-01-05-01-02-01-10,anger
02-01-05-01-02-02-10,anger
02-01-05-02-01-01-10,anger
02-01-05-02-01-02-10,anger
02-01-05-02-02-01-10,anger
02-01-05-02-02-02-10,anger
02-01-06-01-01-01-10,fear
02-01-06-01-01-02-10,fear
02-01-06-01-02-01-10,fear
02-01-06-01-02-02-10,fear
02-01-06-02-01-01-10,fear
02-01-06-02-01-02-10,fear
02-01-06-02-02-01-10,fear
02-01-06-02-02-02-10,fear
02-01-07-01-01-01-10,disgust
02-01-07-01-01-02-10,disgust
02-01-07-01-02-01-10,disgust
02-01-07-01-02-02-10,disgust
02-01-07-02-01-01-10,disgust
02-01-07-02-01-02-10,disgust
02-01-07-02-02-01-10,disgust
02-01-07-02-02-02-10,disgust
02-01-08-01-01-01-10,surprise
02-01-08-01-01-02-10,surprise
02-01-08-01-02-01-10,surprise
02-01-08-01-02-02-10,surprise
02-01-08-02-01-01-10,surprise
02-01-08-02-01-02-10,surprise
02-01-08-02-02-01-10,surprise
02-01-08-02-02-02-10,surprise
01-01-01-01-01-01-11,neutral
01-01-01-01-01-02-11,neutral
01-01-01-01-02-01-11,neutral
01-01-01-01-02-02-11,neutral
01-01-02-01-01-01-11,neutral
01-01-02-01-01-02-11,neutral
01-01-02-01-02-01-11,neutral
01-01-02-01-02-02-11,neutral
01-01-02-02-01-01-11,neutral
01-01-02-02-01-02-11,neutral
01-01-02-02-02-01-11,neutral
01-01-02-02-02-02-11,neutral
01-01-03-01-01-01-11,joy
01-01-03-01-01-02-11,joy
01-01-03-01-02-01-11,joy
01-01-03-01-02-02-11,joy
01-01-03-02-01-01-11,joy
01-01-03-02-01-02-11,joy
01-01-03-02-02-01-11,joy
01-01-03-02-02-02-11,joy
01-01-04-01-01-01-11,sadness
01-01-04-01-01-02-11,sadness
01-01-04-01-02-01-11,sadness
01-01-04-01-02-02-11,sadness
01-01-04-02-01-01-11,sadness
01-01-04-02-01-02-11,sadness
01-01-04-02-02-01-11,sadness
01-01-04-02-02-02-11,sadness
01-01-05-01-01-01-11,anger
01-01-05-01-01-02-11,anger
01-01-05-01-02-01-11,anger
01-01-05-01-02-02-11,anger
01-01-05-02-01-01-11,anger
01-01-05-02-01-02-11,anger
01-01-05-02-02-01-11,anger
01-01-05-02-02-02-11,anger
01-01-06-01-01-01-11,fear
01-01-06-01-01-02-11,fear
01-01-06-01-02-01-11,fear
01-01-06-01-02-02-11,fear
01-01-06-02-01-01-11,fear
01-01-06-02-01-02-11,fear
01-01-06-02-02-01-11,fear
01-01-06-02-02-02-11,fear
01-01-07-01-01-01-11,disgust
01-01-07-01-01-02-11,disgust
01-01-07-01-02-01-11,disgust
01-01-07-01-02-02-11,disgust
01-01-07-02-01-01-11,disgust
01-01-07-02-01-02-11,disgust
01-01-07-02-02-01-11,disgust
01-01-07-02-02-02-11,disgust
01-01-08-01-01-01-11,surprise
01-01-08-01-01-02-11,surprise
01-01-08-01-02-01-11,surprise
01-01-08-01-02-02-11,surprise
01-01-08-02-01-01-11,surprise
01-01-08-02-01-02-11,surprise
01-01-08-02-02-01-11,surprise
01-01-08-02-02-02-11,surprise
02-01-01-01-01-01-11,neutral
02-01-01-01-01-02-11,neutral
02-01-01-01-02-01-11,neutral
02-01-01-01-02-02-11,neutral
02-01-02-01-01-01-11,neutral
02-01-02-01-01-02-11,neutral
02-01-02-01-02-01-11,neutral
02-01-02-01-02-02-11,neutral
02-01-02-02-01-01-11,neutral
02-01-02-02-01-02-11,neutral
02-01-02-02-02-01-11,neutral
02-01-02-02-02-02-11,neutral
02-01-03-01-01-01-11,joy
02-01-03-01-01-02-11,joy
02-01-03-01-02-01-11,joy
02-01-03-01-02-02-11,joy
02-01-03-02-01-01-11,joy
02-01-03-02-01-02-11,joy
02-01-03-02-02-01-11,joy
02-01-03-02-02-02-11,joy
02-01-04-01-01-01-11,sadness
02-01-04-01-01-02-11,sadness
02-01-04-01-02-01-11,sadness
02-01-04-01-02-02-11,sadness
02-01-04-02-01-01-11,sadness
02-01-04-02-01-02-11,sadness
02-01-04-02-02-01-11,sadness
02-01-04-02-02-02-11,sadness
02-01-05-01-01-01-11,anger
02-01-05-01-01-02-11,anger
02-01-05-01-02-01-11,anger
02-01-05-01-02-02-11,anger
02-01-05-02-01-01-11,anger
02-01-05-02-01-02-11,anger
02-01-05-02-02-01-11,anger
02-01-05-02-02-02-11,anger
02-01-06-01-01-01-11,fear
02-01-06-01-01-02-11,fear
02-01-06-01-02-01-11,fear
02-01-06-01-02-02-11,fear
02-01-06-02-01-01-11,fear
02-01-06-02-01-02-11,fear
02-01-06-02-02-01-11,fear
02-01-06-02-02-02-11,fear
02-01-07-01-01-01-11,disgust
02-01-07-01-01-02-11,disgust
02-01-07-01-02-01-11,disgust
02-01-07-01-02-02-11,disgust
02-01-07-02-01-01-11,disgust
02-01-07-02-01-02-11,disgust
02-01-07-02-02-01-11,disgust
02-01-07-02-02-02-11,disgust
02-01-08-01-01-01-11,surprise
02-01-08-01-01-02-11,surprise
02-01-08-01-02-01-11,surprise
02-01-08-01-02-02-11,surprise
02-01-08-02-01-01-11,surprise
02-01-08-02-01-02-11,surprise
02-01-08-02-02-01-11,surprise
02-01-08-02-02-02-11,surprise
01-01-01-01-01-01-12,neutral
01-01-01-01-01-02-12,neutral
01-01-01-01-02-01-12,neutral
01-01-01-01-02-02-12,neutral
01-01-02-01-01-01-12,neutral
01-01-02-01-01-02-12,neutral
01-01-02-01-02-01-12,neutral
01-01-02-01-02-02-12,neutral
01-01-02-02-01-01-12,neutral
01-01-02-02-01-02-12,neutral
01-01-02-02-02-01-12,neutral
01-01-02-02-02-02-12,neutral
01-01-03-01-01-01-12,joy
01-01-03-01-01-02-12,joy
01-01-03-01-02-01-12,joy
01-01-03-01-02-02-12,joy
01-01-03-02-01-01-12,joy
01-01-03-02-01-02-12,joy
01-01-03-02-02-01-12,joy
01-01-03-02-02-02-12,joy
01-01-04-01-01-01-12,sadness
01-01-04-01-01-02-12,sadness
01-01-04-01-02-01-12,sadness
01-01-04-01-02-02-12,sadness
01-01-04-02-01-01-12,sadness
01-01-04-02-01-02-12,sadness
01-01-04-02-02-01-12,sadness
01-01-04-02-02-02-12,sadness
01-01-05-01-01-01-12,anger
01-01-05-01-01-02-12,anger
01-01-05-01-02-01-12,anger
01-01-05-01-02-02-12,anger
01-01-05-02-01-01-12,anger
01-01-05-02-01-02-12,anger
01-01-05-02-02-01-12,anger
01-01-05-02-02-02-12,anger
01-01-06-01-01-01-12,fear
01-01-06-01-01-02-12,fear
01-01-06-01-02-01-12,fear
01-01-06-01-02-02-12,fear
01-01-06-02-01-01-12,fear
01-01-06-02-01-02-12,fear
01-01-06-02-02-01-12,fear
01-01-06-02-02-02-12,fear
01-01-07-01-01-01-12,disgust
01-01-07-01-01-02-12,disgust
01-01-07-01-02-01-12,disgust
01-01-07-01-02-02-12,disgust
01-01-07-02-01-01-12,disgust
01-01-07-02-01-02-12,disgust
01-01-07-02-02-01-12,disgust
01-01-07-02-02-02-12,disgust
01-01-08-01-01-01-12,surprise
01-01-08-01-01-02-12,surprise
01-01-08-01-02-01-12,surprise
01-01-08-01-02-02-12,surprise
01-01-08-02-01-01-12,surprise
01-01-08-02-01-02-12,surprise
01-01-08-02-02-01-12,surprise
01-01-08-02-02-02-12,surprise
02-01-01-01-01-01-12,neutral
02-01-01-01-01-02-12,neutral
02-01-01-01-02-01-12,neutral
02-01-01-01-02-02-12,neutral
02-01-02-01-01-01-12,neutral
02-01-02-01-01-02-12,neutral
02-01-02-01-02-01-12,neutral
02-01-02-01-02-02-12,neutral
02-01-02-02-01-01-12,neutral
02-01-02-02-01-02-12,neutral
02-01-02-02-02-01-12,neutral
02-01-02-02-02-02-12,neutral
02-01-03-01-01-01-12,joy
02-01-03-01-01-02-12,joy
02-01-03-01-02-01-12,joy
02-01-03-01-02-02-12,joy
02-01-03-02-01-01-12,joy
02-01-03-02-01-02-12,joy
02-01-03-02-02-01-12,joy
02-01-03-02-02-02-12,joy
02-01-04-01-01-01-12,sadness
02-01-04-01-01-02-12,sadness
02-01-04-01-02-01-12,sadness
02-01-04-01-02-02-12,sadness
02-01-04-02-01-01-12,sadness
02-01-04-02-01-02-12,sadness
02-01-04-02-02-01-12,sadness
02-01-04-02-02-02-12,sadness
02-01-05-01-01-01-12,anger
02-01-05-01-01-02-12,anger
02-01-05-01-02-01-12,anger
02-01-05-01-02-02-12,anger
02-01-05-02-01-01-12,anger
02-01-05-02-01-02-12,anger
02-01-05-02-02-01-12,anger
02-01-05-02-02-02-12,anger
02-01-06-01-01-01-12,fear
02-01-06-01-01-02-12,fear
02-01-06-01-02-01-12,fear
02-01-06-01-02-02-12,fear
02-01-06-02-01-01-12,fear
02-01-06-02-01-02-12,fear
02-01-06-02-02-01-12,fear
02-01-06-02-02-02-12,fear
02-01-07-01-01-01-12,disgust
02-01-07-01-01-02-12,disgust
02-01-07-01-02-01-12,disgust
02-01-07-01-02-02-12,disgust
02-01-07-02-01-01-12,disgust
02-01-07-02-01-02-12,disgust
02-01-07-02-02-01-12,disgust
02-01-07-02-02-02-12,disgust
02-01-08-01-01-01-12,surprise
02-01-08-01-01-02-12,surprise
02-01-08-01-02-01-12,surprise
02-01-08-01-02-02-12,surprise
02-01-08-02-01-01-12,surprise
02-01-08-02-01-02-12,surprise
02-01-08-02-02-01-12,surprise
02-01-08-02-02-02-12,surprise
01-01-01-01-01-01-13,neutral
01-01-01-01-01-02-13,neutral
01-01-01-01-02-01-13,neutral
01-01-01-01-02-02-13,neutral
01-01-02-01-01-01-13,neutral
01-01-02-01-01-02-13,neutral
01-01-02-01-02-01-13,neutral
01-01-02-01-02-02-13,neutral
01-01-02-02-01-01-13,neutral
01-01-02-02-01-02-13,neutral
01-01-02-02-02-01-13,neutral
01-01-02-02-02-02-13,neutral
01-01-03-01-01-01-13,joy
01-01-03-01-01-02-13,joy
01-01-03-01-02-01-13,joy
01-01-03-01-02-02-13,joy
01-01-03-02-01-01-13,joy
01-01-03-02-01-02-13,joy
01-01-03-02-02-01-13,joy
01-01-03-02-02-02-13,joy
01-01-04-01-01-01-13,sadness
01-01-04-01-01-02-13,sadness
01-01-04-01-02-01-13,sadness
01-01-04-01-02-02-13,sadness
01-01-04-02-01-01-13,sadness
01-01-04-02-01-02-13,sadness
01-01-04-02-02-01-13,sadness
01-01-04-02-02-02-13,sadness
01-01-05-01-01-01-13,anger
01-01-05-01-01-02-13,anger
01-01-05-01-02-01-13,anger
01-01-05-01-02-02-13,anger
01-01-05-02-01-01-13,anger
01-01-05-02-01-02-13,anger
01-01-05-02-02-01-13,anger
01-01-05-02-02-02-13,anger
01-01-06-01-01-01-13,fear
01-01-06-01-01-02-13,fear
01-01-06-01-02-01-13,fear
01-01-06-01-02-02-13,fear
01-01-06-02-01-01-13,fear
01-01-06-02-01-02-13,fear
01-01-06-02-02-01-13,fear
01-01-06-02-02-02-13,fear
01-01-07-01-01-01-13,disgust
01-01-07-01-01-02-13,disgust
01-01-07-01-02-01-13,disgust
01-01-07-01-02-02-13,disgust
01-01-07-02-01-01-13,disgust
01-01-07-02-01-02-13,disgust
01-01-07-02-02-01-13,disgust
01-01-07-02-02-02-13,disgust
01-01-08-01-01-01-13,surprise
01-01-08-01-01-02-13,surprise
01-01-08-01-02-01-13,surprise
01-01-08-01-02-02-13,surprise
01-01-08-02-01-01-13,surprise
01-01-08-02-01-02-13,surprise
01-01-08-02-02-01-13,surprise
01-01-08-02-02-02-13,surprise
02-01-01-01-01-01-13,neutral
02-01-01-01-01-02-13,neutral
02-01-01-01-02-01-13,neutral
02-01-01-01-02-02-13,neutral
02-01-02-01-01-01-13,neutral
02-01-02-01-01-02-13,neutral
02-01-02-01-02-01-13,neutral
02-01-02-01-02-02-13,neutral
02-01-02-02-01-01-13,neutral
02-01-02-02-01-02-13,neutral
02-01-02-02-02-01-13,neutral
02-01-02-02-02-02-13,neutral
02-01-03-01-01-01-13,joy
02-01-03-01-01-02-13,joy
02-01-03-01-02-01-13,joy
02-01-03-01-02-02-13,joy
02-01-03-02-01-01-13,joy
02-01-03-02-01-02-13,joy
02-01-03-02-02-01-13,joy
02-01-03-02-02-02-13,joy
02-01-04-01-01-01-13,sadness
02-01-04-01-01-02-13,sadness
02-01-04-01-02-01-13,sadness
02-01-04-01-02-02-13,sadness
02-01-04-02-01-01-13,sadness
02-01-04-02-01-02-13,sadness
02-01-04-02-02-01-13,sadness
02-01-04-02-02-02-13,sadness
02-01-05-01-01-01-13,anger
02-01-05-01-01-02-13,anger
02-01-05-01-02-01-13,anger
02-01-05-01-02-02-13,anger
02-01-05-02-01-01-13,anger
02-01-05-02-01-02-13,anger
02-01-05-02-02-01-13,anger
02-01-05-02-02-02-13,anger
02-01-06-01-01-01-13,fear
02-01-06-01-01-02-13,fear
02-01-06-01-02-01-13,fear
02-01-06-01-02-02-13,fear
02-01-06-02-01-01-13,fear
02-01-06-02-01-02-13,fear
02-01-06-02-02-01-13,fear
02-01-06-02-02-02-13,fear
02-01-07-01-01-01-13,disgust
02-01-07-01-01-02-13,disgust
02-01-07-01-02-01-13,disgust
02-01-07-01-02-02-13,disgust
02-01-07-02-01-01-13,disgust
02-01-07-02-01-02-13,disgust
02-01-07-02-02-01-13,disgust
02-01-07-02-02-02-13,disgust
02-01-08-01-01-01-13,surprise
02-01-08-01-01-02-13,surprise
02-01-08-01-02-01-13,surprise
02-01-08-01-02-02-13,surprise
02-01-08-02-01-01-13,surprise
02-01-08-02-01-02-13,surprise
02-01-08-02-02-01-13,surprise
02-01-08-02-02-02-13,surprise
01-01-01-01-01-01-14,neutral
01-01-01-01-01-02-14,neutral
01-01-01-01-02-01-14,neutral
01-01-01-01-02-02-14,neutral
01-01-02-01-01-01-14,neutral
01-01-02-01-01-02-14,neutral
01-01-02-01-02-01-14,neutral
01-01-02-01-02-02-14,neutral
01-01-02-02-01-01-14,neutral
01-01-02-02-01-02-14,neutral
01-01-02-02-02-01-14,neutral
01-01-02-02-02-02-14,neutral
01-01-03-01-01-01-14,joy
01-01-03-01-01-02-14,joy
01-01-03-01-02-01-14,joy
01-01-03-01-02-02-14,joy
01-01-03-02-01-01-14,joy
01-01-03-02-01-02-14,joy
01-01-03-02-02-01-14,joy
01-01-03-02-02-02-14,joy
01-01-04-01-01-01-14,sadness
01-01-04-01-01-02-14,sadness
01-01-04-01-02-01-14,sadness
01-01-04-01-02-02-14,sadness
01-01-04-02-01-01-14,sadness
01-01-04-02-01-02-14,sadness
01-01-04-02-02-01-14,sadness
01-01-04-02-02-02-14,sadness
01-01-05-01-01-01-14,anger
01-01-05-01-01-02-14,anger
01-01-05-01-02-01-14,anger
01-01-05-01-02-02-14,anger
01-01-05-02-01-01-14,anger
01-01-05-02-01-02-14,anger
01-01-05-02-02-01-14,anger
01-01-05-02-02-02-14,anger
01-01-06-01-01-01-14,fear
01-01-06-01-01-02-14,fear
01-01-06-01-02-01-14,fear
01-01-06-01-02-02-14,fear
01-01-06-02-01-01-14,fear
01-01-06-02-01-02-14,fear
01-01-06-02-02-01-14,fear
01-01-06-02-02-02-14,fear
01-01-07-01-01-01-14,disgust
01-01-07-01-01-02-14,disgust
01-01-07-01-02-01-14,disgust
01-01-07-01-02-02-14,disgust
01-01-07-02-01-01-14,disgust
01-01-07-02-01-02-14,disgust
01-01-07-02-02-01-14,disgust
01-01-07-02-02-02-14,disgust
01-01-08-01-01-01-14,surprise
01-01-08-01-01-02-14,surprise
01-01-08-01-02-01-14,surprise
01-01-08-01-02-02-14,surprise
01-01-08-02-01-01-14,surprise
01-01-08-02-01-02-14,surprise
01-01-08-02-02-01-14,surprise
01-01-08-02-02-02-14,surprise
02-01-01-01-01-01-14,neutral
02-01-01-01-01-02-14,neutral
02-01-01-01-02-01-14,neutral
02-01-01-01-02-02-14,neutral
02-01-02-01-01-01-14,neutral
02-01-02-01-01-02-14,neutral
02-01-02-01-02-01-14,neutral
02-01-02-01-02-02-14,neutral
02-01-02-02-01-01-14,neutral
02-01-02-02-01-02-14,neutral
02-01-02-02-02-01-14,neutral
02-01-02-02-02-02-14,neutral
02-01-03-01-01-01-14,joy
02-01-03-01-01-02-14,joy
02-01-03-01-02-01-14,joy
02-01-03-01-02-02-14,joy
02-01-03-02-01-01-14,joy
02-01-03-02-01-02-14,joy
02-01-03-02-02-01-14,joy
02-01-03-02-02-02-14,joy
02-01-04-01-01-01-14,sadness
02-01-04-01-01-02-14,sadness
02-01-04-01-02-01-14,sadness
02-01-04-01-02-02-14,sadness
02-01-04-02-01-01-14,sadness
02-01-04-02-01-02-14,sadness
02-01-04-02-02-01-14,sadness
02-01-04-02-02-02-14,sadness
02-01-05-01-01-01-14,anger
02-01-05-01-01-02-14,anger
02-01-05-01-02-01-14,anger
02-01-05-01-02-02-14,anger
02-01-05-02-01-01-14,anger
02-01-05-02-01-02-14,anger
02-01-05-02-02-01-14,anger
02-01-05-02-02-02-14,anger
02-01-06-01-01-01-14,fear
02-01-06-01-01-02-14,fear
02-01-06-01-02-01-14,fear
02-01-06-01-02-02-14,fear
02-01-06-02-01-01-14,fear
02-01-06-02-01-02-14,fear
02-01-06-02-02-01-14,fear
02-01-06-02-02-02-14,fear
02-01-07-01-01-01-14,disgust
02-01-07-01-01-02-14,disgust
02-01-07-01-02-01-14,disgust
02-01-07-01-02-02-14,disgust
02-01-07-02-01-01-14,disgust
02-01-07-02-01-02-14,disgust
02-01-07-02-02-01-14,disgust
02-01-07-02-02-02-14,disgust
02-01-08-01-01-01-14,surprise
02-01-08-01-01-02-14,surprise
02-01-08-01-02-01-14,surprise
02-01-08-01-02-02-14,surprise
02-01-08-02-01-01-14,surprise
02-01-08-02-01-02-14,surprise
02-01-08-02-02-01-14,surprise
02-01-08-02-02-02-14,surprise
01-01-01-01-01-01-15,neutral
01-01-01-01-01-02-15,neutral
01-01-01-01-02-01-15,neutral
01-01-01-01-02-02-15,neutral
01-01-02-01-01-01-15,neutral
01-01-02-01-01-02-15,neutral
01-01-02-01-02-01-15,neutral
01-01-02-01-02-02-15,neutral
01-01-02-02-01-01-15,neutral
01-01-02-02-01-02-15,neutral
01-01-02-02-02-01-15,neutral
01-01-02-02-02-02-15,neutral
01-01-03-01-01-01-15,joy
01-01-03-01-01-02-15,joy
01-01-03-01-02-01-15,joy
01-01-03-01-02-02-15,joy
01-01-03-02-01-01-15,joy
01-01-03-02-01-02-15,joy
01-01-03-02-02-01-15,joy
01-01-03-02-02-02-15,joy
01-01-04-01-01-01-15,sadness
01-01-04-01-01-02-15,sadness
01-01-04-01-02-01-15,sadness
01-01-04-01-02-02-15,sadness
01-01-04-02-01-01-15,sadness
01-01-04-02-01-02-15,sadness
01-01-04-02-02-01-15,sadness
01-01-04-02-02-02-15,sadness
01-01-05-01-01-01-15,anger
01-01-05-01-01-02-15,anger
01-01-05-01-02-01-15,anger
01-01-05-01-02-02-15,anger
01-01-05-02-01-01-15,anger
01-01-05-02-01-02-15,anger
01-01-05-02-02-01-15,anger
01-01-05-02-02-02-15,anger
01-01-06-01-01-01-15,fear
01-01-06-01-01-02-15,fear
01-01-06-01-02-01-15,fear
01-01-06-01-02-02-15,fear
01-01-06-02-01-01-15,fear
01-01-06-02-01-02-15,fear
01-01-06-02-02-01-15,fear
01-01-06-02-02-02-15,fear
01-01-07-01-01-01-15,disgust
01-01-07-01-01-02-15,disgust
01-01-07-01-02-01-15,disgust
01-01-07-01-02-02-15,disgust
01-01-07-02-01-01-15,disgust
01-01-07-02-01-02-15,disgust
01-01-07-02-02-01-15,disgust
01-01-07-02-02-02-15,disgust
01-01-08-01-01-01-15,surprise
01-01-08-01-01-02-15,surprise
01-01-08-01-02-01-15,surprise
01-01-08-01-02-02-15,surprise
01-01-08-02-01-01-15,surprise
01-01-08-02-01-02-15,surprise
01-01-08-02-02-01-15,surprise
01-01-08-02-02-02-15,surprise
02-01-01-01-01-01-15,neutral
02-01-01-01-01-02-15,neutral
02-01-01-01-02-01-15,neutral
02-01-01-01-02-02-15,neutral
02-01-02-01-01-01-15,neutral
02-01-02-01-01-02-15,neutral
02-01-02-01-02-01-15,neutral
02-01-02-01-02-02-15,neutral
02-01-02-02-01-01-15,neutral
02-01-02-02-01-02-15,neutral
02-01-02-02-02-01-15,neutral
02-01-02-02-02-02-15,neutral
02-01-03-01-01-01-15,joy
02-01-03-01-01-02-15,joy
02-01-03-01-02-01-15,joy
02-01-03-01-02-02-15,joy
02-01-03-02-01-01-15,joy
02-01-03-02-01-02-15,joy
02-01-03-02-02-01-15,joy
02-01-03-02-02-02-15,joy
02-01-04-01-01-01-15,sadness
02-01-04-01-01-02-15,sadness
02-01-04-01-02-01-15,sadness
02-01-04-01-02-02-15,sadness
02-01-04-02-01-01-15,sadness
02-01-04-02-01-02-15,sadness
02-01-04-02-02-01-15,sadness
02-01-04-02-02-02-15,sadness
02-01-05-01-01-01-15,anger
02-01-05-01-01-02-15,anger
02-01-05-01-02-01-15,anger
02-01-05-01-02-02-15,anger
02-01-05-02-01-01-15,anger
02-01-05-02-01-02-15,anger
02-01-05-02-02-01-15,anger
02-01-05-02-02-02-15,anger
02-01-06-01-01-01-15,fear
02-01-06-01-01-02-15,fear
02-01-06-01-02-01-15,fear
02-01-06-01-02-02-15,fear
02-01-06-02-01-01-15,fear
02-01-06-02-01-02-15,fear
02-01-06-02-02-01-15,fear
02-01-06-02-02-02-15,fear
02-01-07-01-01-01-15,disgust
02-01-07-01-01-02-15,disgust
02-01-07-01-02-01-15,disgust
02-01-07-01-02-02-15,disgust
02-01-07-02-01-01-15,disgust
02-01-07-02-01-02-15,disgust
02-01-07-02-02-01-15,disgust
02-01-07-02-02-02-15,disgust
02-01-08-01-01-01-15,surprise
02-01-08-01-01-02-15,surprise
02-01-08-01-02-01-15,surprise
02-01-08-01-02-02-15,surprise
02-01-08-02-01-01-15,surprise
02-01-08-02-01-02-15,surprise
02-01-08-02-02-01-15,surprise
02-01-08-02-02-02-15,surprise
01-01-01-01-01-01-16,neutral
01-01-01-01-01-02-16,neutral
01-01-01-01-02-01-16,neutral
01-01-01-01-02-02-16,neutral
01-01-02-01-01-01-16,neutral
01-01-02-01-01-02-16,neutral
01-01-02-01-02-01-16,neutral
01-01-02-01-02-02-16,neutral
01-01-02-02-01-01-16,neutral
01-01-02-02-01-02-16,neutral
01-01-02-02-02-01-16,neutral
01-01-02-02-02-02-16,neutral
01-01-03-01-01-01-16,joy
01-01-03-01-01-02-16,joy
01-01-03-01-02-01-16,joy
01-01-03-01-02-02-16,joy
01-01-03-02-01-01-16,joy
01-01-03-02-01-02-16,joy
01-01-03-02-02-01-16,joy
01-01-03-02-02-02-16,joy
01-01-04-01-01-01-16,sadness
01-01-04-01-01-02-16,sadness
01-01-04-01-02-01-16,sadness
01-01-04-01-02-02-16,sadness
01-01-04-02-01-01-16,sadness
01-01-04-02-01-02-16,sadness
01-01-04-02-02-01-16,sadness
01-01-04-02-02-02-16,sadness
01-01-05-01-01-01-16,anger
01-01-05-01-01-02-16,anger
01-01-05-01-02-01-16,anger
01-01-05-01-02-02-16,anger
01-01-05-02-01-01-16,anger
01-01-05-02-01-02-16,anger
01-01-05-02-02-01-16,anger
01-01-05-02-02-02-16,anger
01-01-06-01-01-01-16,fear
01-01-06-01-01-02-16,fear
01-01-06-01-02-01-16,fear
01-01-06-01-02-02-16,fear
01-01-06-02-01-01-16,fear
01-01-06-02-01-02-16,fear
01-01-06-02-02-01-16,fear
01-01-06-02-02-02-16,fear
01-01-07-01-01-01-16,disgust
01-01-07-01-01-02-16,disgust
01-01-07-01-02-01-16,disgust
01-01-07-01-02-02-16,disgust
01-01-07-02-01-01-16,disgust
01-01-07-02-01-02-16,disgust
01-01-07-02-02-01-16,disgust
01-01-07-02-02-02-16,disgust
01-01-08-01-01-01-16,surprise
01-01-08-01-01-02-16,surprise
01-01-08-01-02-01-16,surprise
01-01-08-01-02-02-16,surprise
01-01-08-02-01-01-16,surprise
01-01-08-02-01-02-16,surprise
01-01-08-02-02-01-16,surprise
01-01-08-02-02-02-16,surprise
02-01-01-01-01-01-16,neutral
02-01-01-01-01-02-16,neutral
02-01-01-01-02-01-16,neutral
02-01-01-01-02-02-16,neutral
02-01-02-01-01-01-16,neutral
02-01-02-01-01-02-16,neutral
02-01-02-01-02-01-16,neutral
02-01-02-01-02-02-16,neutral
02-01-02-02-01-01-16,neutral
02-01-02-02-01-02-16,neutral
02-01-02-02-02-01-16,neutral
02-01-02-02-02-02-16,neutral
02-01-03-01-01-01-16,joy
02-01-03-01-01-02-16,joy
02-01-03-01-02-01-16,joy
02-01-03-01-02-02-16,joy
02-01-03-02-01-01-16,joy
02-01-03-02-01-02-16,joy
02-01-03-02-02-01-16,joy
02-01-03-02-02-02-16,joy
02-01-04-01-01-01-16,sadness
02-01-04-01-01-02-16,sadness
02-01-04-01-02-01-16,sadness
02-01-04-01-02-02-16,sadness
02-01-04-02-01-01-16,sadness
02-01-04-02-01-02-16,sadness
02-01-04-02-02-01-16,sadness
02-01-04-02-02-02-16,sadness
02-01-05-01-01-01-16,anger
02-01-05-01-01-02-16,anger
02-01-05-01-02-01-16,anger
02-01-05-01-02-02-16,anger
02-01-05-02-01-01-16,anger
02-01-05-02-01-02-16,anger
02-01-05-02-02-01-16,anger
02-01-05-02-02-02-16,anger
02-01-06-01-01-01-16,fear
02-01-06-01-01-02-16,fear
02-01-06-01-02-01-16,fear
02-01-06-01-02-02-16,fear
02-01-06-02-01-01-16,fear
02-01-06-02-01-02-16,fear
02-01-06-02-02-01-16,fear
02-01-06-02-02-02-16,fear
02-01-07-01-01-01-16,disgust
02-01-07-01-01-02-16,disgust
02-01-07-01-02-01-16,disgust
02-01-07-01-02-02-16,disgust
02-01-07-02-01-01-16,disgust
02-01-07-02-01-02-16,disgust
02-01-07-02-02-01-16,disgust
02-01-07-02-02-02-16,disgust
02-01-08-01-01-01-16,surprise
02-01-08-01-01-02-16,surprise
02-01-08-01-02-01-16,surprise
02-01-08-01-02-02-16,surprise
02-01-08-02-01-01-16,surprise
02-01-08-02-01-02-16,surprise
02-01-08-02-02-01-16,surprise
02-01-08-02-02-02-16,surprise
01-01-01-01-01-01-17,neutral
01-01-01-01-01-02-17,neutral
01-01-01-01-02-01-17,neutral
01-01-01-01-02-02-17,neutral
01-01-02-01-01-01-17,neutral
01-01-02-01-01-02-17,neutral
01-01-02-01-02-01-17,neutral
01-01-02-01-02-02-17,neutral
01-01-02-02-01-01-17,neutral
01-01-02-02-01-02-17,neutral
01-01-02-02-02-01-17,neutral
01-01-02-02-02-02-17,neutral
01-01-03-01-01-01-17,joy
01-01-03-01-01-02-17,joy
01-01-03-01-02-01-17,joy
01-01-03-01-02-02-17,joy
01-01-03-02-01-01-17,joy
01-01-03-02-01-02-17,joy
01-01-03-02-02-01-17,joy
01-01-03-02-02-02-17,joy
01-01-04-01-01-01-17,sadness
01-01-04-01-01-02-17,sadness
01-01-04-01-02-01-17,sadness
01-01-04-01-02-02-17,sadness
01-01-04-02-01-01-17,sadness
01-01-04-02-01-02-17,sadness
01-01-04-02-02-01-17,sadness
01-01-04-02-02-02-17,sadness
01-01-05-01-01-01-17,anger
01-01-05-01-01-02-17,anger
01-01-05-01-02-01-17,anger
01-01-05-01-02-02-17,anger
01-01-05-02-01-01-17,anger
01-01-05-02-01-02-17,anger
01-01-05-02-02-01-17,anger
01-01-05-02-02-02-17,anger
01-01-06-01-01-01-17,fear
01-01-06-01-01-02-17,fear
01-01-06-01-02-01-17,fear
01-01-06-01-02-02-17,fear
01-01-06-02-01-01-17,fear
01-01-06-02-01-02-17,fear
01-01-06-02-02-01-17,fear
01-01-06-02-02-02-17,fear
01-01-07-01-01-01-17,disgust
01-01-07-01-01-02-17,disgust
01-01-07-01-02-01-17,disgust
01-01-07-01-02-02-17,disgust
01-01-07-02-01-01-17,disgust
01-01-07-02-01-02-17,disgust
01-01-07-02-02-01-17,disgust
01-01-07-02-02-02-17,disgust
01-01-08-01-01-01-17,surprise
01-01-08-01-01-02-17,surprise
01-01-08-01-02-01-17,surprise
01-01-08-01-02-02-17,surprise
01-01-08-02-01-01-17,surprise
01-01-08-02-01-02-17,surprise
01-01-08-02-02-01-17,surprise
01-01-08-02-02-02-17,surprise
02-01-01-01-01-01-17,neutral
02-01-01-01-01-02-17,neutral
02-01-01-01-02-01-17,neutral
02-01-01-01-02-02-17,neutral
02-01-02-01-01-01-17,neutral
02-01-02-01-01-02-17,neutral
02-01-02-01-02-01-17,neutral
02-01-02-01-02-02-17,neutral
02-01-02-02-01-01-17,neutral
02-01-02-02-01-02-17,neutral
02-01-02-02-02-01-17,neutral
02-01-02-02-02-02-17,neutral
02-01-03-01-01-01-17,joy
02-01-03-01-01-02-17,joy
02-01-03-01-02-01-17,joy
02-01-03-01-02-02-17,joy
02-01-03-02-01-01-17,joy
02-01-03-02-01-02-17,joy
02-01-03-02-02-01-17,joy
02-01-03-02-02-02-17,joy
02-01-04-01-01-01-17,sadness
02-01-04-01-01-02-17,sadness
02-01-04-01-02-01-17,sadness
02-01-04-01-02-02-17,sadness
02-01-04-02-01-01-17,sadness
02-01-04-02-01-02-17,sadness
02-01-04-02-02-01-17,sadness
02-01-04-02-02-02-17,sadness
02-01-05-01-01-01-17,anger
02-01-05-01-01-02-17,anger
02-01-05-01-02-01-17,anger
02-01-05-01-02-02-17,anger
02-01-05-02-01-01-17,anger
02-01-05-02-01-02-17,anger
02-01-05-02-02-01-17,anger
02-01-05-02-02-02-17,anger
02-01-06-01-01-01-17,fear
02-01-06-01-01-02-17,fear
02-01-06-01-02-01-17,fear
02-01-06-01-02-02-17,fear
02-01-06-02-01-01-17,fear
02-01-06-02-01-02-17,fear
02-01-06-02-02-01-17,fear
02-01-06-02-02-02-17,fear
02-01-07-01-01-01-17,disgust
02-01-07-01-01-02-17,disgust
02-01-07-01-02-01-17,disgust
02-01-07-01-02-02-17,disgust
02-01-07-02-01-01-17,disgust
02-01-07-02-01-02-17,disgust
02-01-07-02-02-01-17,disgust
02-01-07-02-02-02-17,disgust
02-01-08-01-01-01-17,surprise
02-01-08-01-01-02-17,surprise
02-01-08-01-02-01-17,surprise
02-01-08-01-02-02-17,surprise
02-01-08-02-01-01-17,surprise
02-01-08-02-01-02-17,surprise
02-01-08-02-02-01-17,surprise
02-01-08-02-02-02-17,surprise
01-01-01-01-01-01-18,neutral
01-01-01-01-01-02-18,neutral
01-01-01-01-02-01-18,neutral
01-01-01-01-02-02-18,neutral
01-01-02-01-01-01-18,neutral
01-01-02-01-01-02-18,neutral
01-01-02-01-02-01-18,neutral
01-01-02-01-02-02-18,neutral
01-01-02-02-01-01-18,neutral
01-01-02-02-01-02-18,neutral
01-01-02-02-02-01-18,neutral
01-01-02-02-02-02-18,neutral
01-01-03-01-01-01-18,joy
01-01-03-01-01-02-18,joy
01-01-03-01-02-01-18,joy
01-01-03-01-02-02-18,joy
01-01-03-02-01-01-18,joy
01-01-03-02-01-02-18,joy
01-01-03-02-02-01-18,joy
01-01-03-02-02-02-18,joy
01-01-04-01-01-01-18,sadness
01-01-04-01-01-02-18,sadness
01-01-04-01-02-01-18,sadness
01-01-04-01-02-02-18,sadness
01-01-04-02-01-01-18,sadness
01-01-04-02-01-02-18,sadness
01-01-04-02-02-01-18,sadness
01-01-04-02-02-02-18,sadness
01-01-05-01-01-01-18,anger
01-01-05-01-01-02-18,anger
01-01-05-01-02-01-18,anger
01-01-05-01-02-02-18,anger
01-01-05-02-01-01-18,anger
01-01-05-02-01-02-18,anger
01-01-05-02-02-01-18,anger
01-01-05-02-02-02-18,anger
01-01-06-01-01-01-18,fear
01-01-06-01-01-02-18,fear
01-01-06-01-02-01-18,fear
01-01-06-01-02-02-18,fear
01-01-06-02-01-01-18,fear
01-01-06-02-01-02-18,fear
01-01-06-02-02-01-18,fear
01-01-06-02-02-02-18,fear
01-01-07-01-01-01-18,disgust
01-01-07-01-01-02-18,disgust
01-01-07-01-02-01-18,disgust
01-01-07-01-02-02-18,disgust
01-01-07-02-01-01-18,disgust
01-01-07-02-01-02-18,disgust
01-01-07-02-02-01-18,disgust
01-01-07-02-02-02-18,disgust
01-01-08-01-01-01-18,surprise
01-01-08-01-01-02-18,surprise
01-01-08-01-02-01-18,surprise
01-01-08-01-02-02-18,surprise
01-01-08-02-01-01-18,surprise
01-01-08-02-01-02-18,surprise
01-01-08-02-02-01-18,surprise
01-01-08-02-02-02-18,surprise
02-01-01-01-01-01-18,neutral
02-01-01-01-01-02-18,neutral
02-01-01-01-02-01-18,neutral
02-01-01-01-02-02-18,neutral
02-01-02-01-01-01-18,neutral
02-01-02-01-01-02-18,neutral
02-01-02-01-02-01-18,neutral
02-01-02-01-02-02-18,neutral
02-01-02-02-01-01-18,neutral
02-01-02-02-01-02-18,neutral
02-01-02-02-02-01-18,neutral
02-01-02-02-02-02-18,neutral
02-01-03-01-01-01-18,joy
02-01-03-01-01-02-18,joy
02-01-03-01-02-01-18,joy
02-01-03-01-02-02-18,joy
02-01-03-02-01-01-18,joy
02-01-03-02-01-02-18,joy
02-01-03-02-02-01-18,joy
02-01-03-02-02-02-18,joy
02-01-04-01-01-01-18,sadness
02-01-04-01-01-02-18,sadness
02-01-04-01-02-01-18,sadness
02-01-04-01-02-02-18,sadness
02-01-04-02-01-01-18,sadness
02-01-04-02-01-02-18,sadness
02-01-04-02-02-01-18,sadness
02-01-04-02-02-02-18,sadness
02-01-05-01-01-01-18,anger
02-01-05-01-01-02-18,anger
02-01-05-01-02-01-18,anger
02-01-05-01-02-02-18,anger
02-01-05-02-01-01-18,anger
02-01-05-02-01-02-18,anger
02-01-05-02-02-01-18,anger
02-01-05-02-02-02-18,anger
02-01-06-01-01-01-18,fear
02-01-06-01-01-02-18,fear
02-01-06-01-02-01-18,fear
02-01-06-01-02-02-18,fear
02-01-06-02-01-01-18,fear
02-01-06-02-01-02-18,fear
02-01-06-02-02-01-18,fear
02-01-06-02-02-02-18,fear
02-01-07-01-01-01-18,disgust
02-01-07-01-01-02-18,disgust
02-01-07-01-02-01-18,disgust
02-01-07-01-02-02-18,disgust
02-01-07-02-01-01-18,disgust
02-01-07-02-01-02-18,disgust
02-01-07-02-02-01-18,disgust
02-01-07-02-02-02-18,disgust
02-01-08-01-01-01-18,surprise
02-01-08-01-01-02-18,surprise
02-01-08-01-02-01-18,surprise
02-01-08-01-02-02-18,surprise
02-01-08-02-01-01-18,surprise
02-01-08-02-01-02-18,surprise
02-01-08-02-02-01-18,surprise
02-01-08-02-02-02-18,surprise
01-01-01-01-01-01-19,neutral
01-01-01-01-01-02-19,neutral
01-01-01-01-02-01-19,neutral
01-01-01-01-02-02-19,neutral
01-01-02-01-01-01-19,neutral
01-01-02-01-01-02-19,neutral
01-01-02-01-02-01-19,neutral
01-01-02-01-02-02-19,neutral
01-01-02-02-01-01-19,neutral
01-01-02-02-01-02-19,neutral
01-01-02-02-02-01-19,neutral
01-01-02-02-02-02-19,neutral
01-01-03-01-01-01-19,joy
01-01-03-01-01-02-19,joy
01-01-03-01-02-01-19,joy
01-01-03-01-02-02-19,joy
01-01-03-02-01-01-19,joy
01-01-03-02-01-02-19,joy
01-01-03-02-02-01-19,joy
01-01-03-02-02-02-19,joy
01-01-04-01-01-01-19,sadness
01-01-04-01-01-02-19,sadness
01-01-04-01-02-01-19,sadness
01-01-04-01-02-02-19,sadness
01-01-04-02-01-01-19,sadness
01-01-04-02-01-02-19,sadness
01-01-04-02-02-01-19,sadness
01-01-04-02-02-02-19,sadness
01-01-05-01-01-01-19,anger
01-01-05-01-01-02-19,anger
01-01-05-01-02-01-19,anger
01-01-05-01-02-02-19,anger
01-01-05-02-01-01-19,anger
01-01-05-02-01-02-19,anger
01-01-05-02-02-01-19,anger
01-01-05-02-02-02-19,anger
01-01-06-01-01-01-19,fear
01-01-06-01-01-02-19,fear
01-01-06-01-02-01-19,fear
01-01-06-01-02-02-19,fear
01-01-06-02-01-01-19,fear
01-01-06-02-01-02-19,fear
01-01-06-02-02-01-19,fear
01-01-06-02-02-02-19,fear
01-01-07-01-01-01-19,disgust
01-01-07-01-01-02-19,disgust
01-01-07-01-02-01-19,disgust
01-01-07-01-02-02-19,disgust
01-01-07-02-01-01-19,disgust
01-01-07-02-01-02-19,disgust
01-01-07-02-02-01-19,disgust
01-01-07-02-02-02-19,disgust
01-01-08-01-01-01-19,surprise
01-01-08-01-01-02-19,surprise
01-01-08-01-02-01-19,surprise
01-01-08-01-02-02-19,surprise
01-01-08-02-01-01-19,surprise
01-01-08-02-01-02-19,surprise
01-01-08-02-02-01-19,surprise
01-01-08-02-02-02-19,surprise
02-01-01-01-01-01-19,neutral
02-01-01-01-01-02-19,neutral
02-01-01-01-02-01-19,neutral
02-01-01-01-02-02-19,neutral
02-01-02-01-01-01-19,neutral
02-01-02-01-01-02-19,neutral
02-01-02-01-02-01-19,neutral
02-01-02-01-02-02-19,neutral
02-01-02-02-01-01-19,neutral
02-01-02-02-01-02-19,neutral
02-01-02-02-02-01-19,neutral
02-01-02-02-02-02-19,neutral
02-01-03-01-01-01-19,joy
02-01-03-01-01-02-19,joy
02-01-03-01-02-01-19,joy
02-01-03-01-02-02-19,joy
02-01-03-02-01-01-19,joy
02-01-03-02-01-02-19,joy
02-01-03-02-02-01-19,joy
02-01-03-02-02-02-19,joy
02-01-04-01-01-01-19,sadness
02-01-04-01-01-02-19,sadness
02-01-04-01-02-01-19,sadness
02-01-04-01-02-02-19,sadness
02-01-04-02-01-01-19,sadness
02-01-04-02-01-02-19,sadness
02-01-04-02-02-01-19,sadness
02-01-04-02-02-02-19,sadness
02-01-05-01-01-01-19,anger
02-01-05-01-01-02-19,anger
02-01-05-01-02-01-19,anger
02-01-05-01-02-02-19,anger
02-01-05-02-01-01-19,anger
02-01-05-02-01-02-19,anger
02-01-05-02-02-01-19,anger
02-01-05-02-02-02-19,anger
02-01-06-01-01-01-19,fear
02-01-06-01-01-02-19,fear
02-01-06-01-02-01-19,fear
02-01-06-01-02-02-19,fear
02-01-06-02-01-01-19,fear
02-01-06-02-01-02-19,fear
02-01-06-02-02-01-19,fear
02-01-06-02-02-02-19,fear
02-01-07-01-01-01-19,disgust
02-01-07-01-01-02-19,disgust
02-01-07-01-02-01-19,disgust
02-01-07-01-02-02-19,disgust
02-01-07-02-01-01-19,disgust
02-01-07-02-01-02-19,disgust
02-01-07-02-02-01-19,disgust
02-01-07-02-02-02-19,disgust
02-01-08-01-01-01-19,surprise
02-01-08-01-01-02-19,surprise
02-01-08-01-02-01-19,surprise
02-01-08-01-02-02-19,surprise
02-01-08-02-01-01-19,surprise
02-01-08-02-01-02-19,surprise
02-01-08-02-02-01-19,surprise
02-01-08-02-02-02-19,surprise
01-01-01-01-01-01-20,neutral
01-01-01-01-01-02-20,neutral
01-01-01-01-02-01-20,neutral
01-01-01-01-02-02-20,neutral
01-01-02-01-01-01-20,neutral
01-01-02-01-01-02-20,neutral
01-01-02-01-02-01-20,neutral
01-01-02-01-02-02-20,neutral
01-01-02-02-01-01-20,neutral
01-01-02-02-01-02-20,neutral
01-01-02-02-02-01-20,neutral
01-01-02-02-02-02-20,neutral
01-01-03-01-01-01-20,joy
01-01-03-01-01-02-20,joy
01-01-03-01-02-01-20,joy
01-01-03-01-02-02-20,joy
01-01-03-02-01-01-20,joy
01-01-03-02-01-02-20,joy
01-01-03-02-02-01-20,joy
01-01-03-02-02-02-20,joy
01-01-04-01-01-01-20,sadness
01-01-04-01-01-02-20,sadness
01-01-04-01-02-01-20,sadness
01-01-04-01-02-02-20,sadness
01-01-04-02-01-01-20,sadness
01-01-04-02-01-02-20,sadness
01-01-04-02-02-01-20,sadness
01-01-04-02-02-02-20,sadness
01-01-05-01-01-01-20,anger
01-01-05-01-01-02-20,anger
01-01-05-01-02-01-20,anger
01-01-05-01-02-02-20,anger
01-01-05-02-01-01-20,anger
01-01-05-02-01-02-20,anger
01-01-05-02-02-01-20,anger
01-01-05-02-02-02-20,anger
01-01-06-01-01-01-20,fear
01-01-06-01-01-02-20,fear
01-01-06-01-02-01-20,fear
01-01-06-01-02-02-20,fear
01-01-06-02-01-01-20,fear
01-01-06-02-01-02-20,fear
01-01-06-02-02-01-20,fear
01-01-06-02-02-02-20,fear
01-01-07-01-01-01-20,disgust
01-01-07-01-01-02-20,disgust
01-01-07-01-02-01-20,disgust
01-01-07-01-02-02-20,disgust
01-01-07-02-01-01-20,disgust
01-01-07-02-01-02-20,disgust
01-01-07-02-02-01-20,disgust
01-01-07-02-02-02-20,disgust
01-01-08-01-01-01-20,surprise
01-01-08-01-01-02-20,surprise
01-01-08-01-02-01-20,surprise
01-01-08-01-02-02-20,surprise
01-01-08-02-01-01-20,surprise
01-01-08-02-01-02-20,surprise
01-01-08-02-02-01-20,surprise
01-01-08-02-02-02-20,surprise
02-01-01-01-01-01-20,neutral
02-01-01-01-01-02-20,neutral
02-01-01-01-02-01-20,neutral
02-01-01-01-02-02-20,neutral
02-01-02-01-01-01-20,neutral
02-01-02-01-01-02-20,neutral
02-01-02-01-02-01-20,neutral
02-01-02-01-02-02-20,neutral
02-01-02-02-01-01-20,neutral
02-01-02-02-01-02-20,neutral
02-01-02-02-02-01-20,neutral
02-01-02-02-02-02-20,neutral
02-01-03-01-01-01-20,joy
02-01-03-01-01-02-20,joy
02-01-03-01-02-01-20,joy
02-01-03-01-02-02-20,joy
02-01-03-02-01-01-20,joy
02-01-03-02-01-02-20,joy
02-01-03-02-02-01-20,joy
02-01-03-02-02-02-20,joy
02-01-04-01-01-01-20,sadness
02-01-04-01-01-02-20,sadness
02-01-04-01-02-01-20,sadness
02-01-04-01-02-02-20,sadness
02-01-04-02-01-01-20,sadness
02-01-04-02-01-02-20,sadness
02-01-04-02-02-01-20,sadness
02-01-04-02-02-02-20,sadness
02-01-05-01-01-01-20,anger
02-01-05-01-01-02-20,anger
02-01-05-01-02-01-20,anger
02-01-05-01-02-02-20,anger
02-01-05-02-01-01-20,anger
02-01-05-02-01-02-20,anger
02-01-05-02-02-01-20,anger
02-01-05-02-02-02-20,anger
02-01-06-01-01-01-20,fear
02-01-06-01-01-02-20,fear
02-01-06-01-02-01-20,fear
02-01-06-01-02-02-20,fear
02-01-06-02-01-01-20,fear
02-01-06-02-01-02-20,fear
02-01-06-02-02-01-20,fear
02-01-06-02-02-02-20,fear
02-01-07-01-01-01-20,disgust
02-01-07-01-01-02-20,disgust
02-01-07-01-02-01-20,disgust
02-01-07-01-02-02-20,disgust
02-01-07-02-01-01-20,disgust
02-01-07-02-01-02-20,disgust
02-01-07-02-02-01-20,disgust
02-01-07-02-02-02-20,disgust
02-01-08-01-01-01-20,surprise
02-01-08-01-01-02-20,surprise
02-01-08-01-02-01-20,surprise
02-01-08-01-02-02-20,surprise
02-01-08-02-01-01-20,surprise
02-01-08-02-01-02-20,surprise
02-01-08-02-02-01-20,surprise
02-01-08-02-02-02-20,surprise
01-01-01-01-01-01-21,neutral
01-01-01-01-01-02-21,neutral
01-01-01-01-02-01-21,neutral
01-01-01-01-02-02-21,neutral
01-01-02-01-01-01-21,neutral
01-01-02-01-01-02-21,neutral
01-01-02-01-02-01-21,neutral
01-01-02-01-02-02-21,neutral
01-01-02-02-01-01-21,neutral
01-01-02-02-01-02-21,neutral
01-01-02-02-02-01-21,neutral
01-01-02-02-02-02-21,neutral
01-01-03-01-01-01-21,joy
01-01-03-01-01-02-21,joy
01-01-03-01-02-01-21,joy
01-01-03-01-02-02-21,joy
01-01-03-02-01-01-21,joy
01-01-03-02-01-02-21,joy
01-01-03-02-02-01-21,joy
01-01-03-02-02-02-21,joy
01-01-04-01-01-01-21,sadness
01-01-04-01-01-02-21,sadness
01-01-04-01-02-01-21,sadness
01-01-04-01-02-02-21,sadness
01-01-04-02-01-01-21,sadness
01-01-04-02-01-02-21,sadness
01-01-04-02-02-01-21,sadness
01-01-04-02-02-02-21,sadness
01-01-05-01-01-01-21,anger
01-01-05-01-01-02-21,anger
01-01-05-01-02-01-21,anger
01-01-05-01-02-02-21,anger
01-01-05-02-01-01-21,anger
01-01-05-02-01-02-21,anger
01-01-05-02-02-01-21,anger
01-01-05-02-02-02-21,anger
01-01-06-01-01-01-21,fear
01-01-06-01-01-02-21,fear
01-01-06-01-02-01-21,fear
01-01-06-01-02-02-21,fear
01-01-06-02-01-01-21,fear
01-01-06-02-01-02-21,fear
01-01-06-02-02-01-21,fear
01-01-06-02-02-02-21,fear
01-01-07-01-01-01-21,disgust
01-01-07-01-01-02-21,disgust
01-01-07-01-02-01-21,disgust
01-01-07-01-02-02-21,disgust
01-01-07-02-01-01-21,disgust
01-01-07-02-01-02-21,disgust
01-01-07-02-02-01-21,disgust
01-01-07-02-02-02-21,disgust
01-01-08-01-01-01-21,surprise
01-01-08-01-01-02-21,surprise
01-01-08-01-02-01-21,surprise
01-01-08-01-02-02-21,surprise
01-01-08-02-01-01-21,surprise
01-01-08-02-01-02-21,surprise
01-01-08-02-02-01-21,surprise
01-01-08-02-02-02-21,surprise
02-01-01-01-01-01-21,neutral
02-01-01-01-01-02-21,neutral
02-01-01-01-02-01-21,neutral
02-01-01-01-02-02-21,neutral
02-01-02-01-01-01-21,neutral
02-01-02-01-01-02-21,neutral
02-01-02-01-02-01-21,neutral
02-01-02-01-02-02-21,neutral
02-01-02-02-01-01-21,neutral
02-01-02-02-01-02-21,neutral
02-01-02-02-02-01-21,neutral
02-01-02-02-02-02-21,neutral
02-01-03-01-01-01-21,joy
02-01-03-01-01-02-21,joy
02-01-03-01-02-01-21,joy
02-01-03-01-02-02-21,joy
02-01-03-02-01-01-21,joy
02-01-03-02-01-02-21,joy
02-01-03-02-02-01-21,joy
02-01-03-02-02-02-21,joy
02-01-04-01-01-01-21,sadness
02-01-04-01-01-02-21,sadness
02-01-04-01-02-01-21,sadness
02-01-04-01-02-02-21,sadness
02-01-04-02-01-01-21,sadness
02-01-04-02-01-02-21,sadness
02-01-04-02-02-01-21,sadness
02-01-04-02-02-02-21,sadness
02-01-05-01-01-01-21,anger
02-01-05-01-01-02-21,anger
02-01-05-01-02-01-21,anger
02-01-05-01-02-02-21,anger
02-01-05-02-01-01-21,anger
02-01-05-02-01-02-21,anger
02-01-05-02-02-01-21,anger
02-01-05-02-02-02-21,anger
02-01-06-01-01-01-21,fear
02-01-06-01-01-02-21,fear
02-01-06-01-02-01-21,fear
02-01-06-01-02-02-21,fear
02-01-06-02-01-01-21,fear
02-01-06-02-01-02-21,fear
02-01-06-02-02-01-21,fear
02-01-06-02-02-02-21,fear
02-01-07-01-01-01-21,disgust
02-01-07-01-01-02-21,disgust
02-01-07-01-02-01-21,disgust
02-01-07-01-02-02-21,disgust
02-01-07-02-01-01-21,disgust
02-01-07-02-01-02-21,disgust
02-01-07-02-02-01-21,disgust
02-01-07-02-02-02-21,disgust
02-01-08-01-01-01-21,surprise
02-01-08-01-01-02-21,surprise
02-01-08-01-02-01-21,surprise
02-01-08-01-02-02-21,surprise
02-01-08-02-01-01-21,surprise
02-01-08-02-01-02-21,surprise
02-01-08-02-02-01-21,surprise
02-01-08-02-02-02-21,surprise
01-01-01-01-01-01-22,neutral
01-01-01-01-01-02-22,neutral
01-01-01-01-02-01-22,neutral
01-01-01-01-02-02-22,neutral
01-01-02-01-01-01-22,neutral
01-01-02-01-01-02-22,neutral
01-01-02-01-02-01-22,neutral
01-01-02-01-02-02-22,neutral
01-01-02-02-01-01-22,neutral
01-01-02-02-01-02-22,neutral
01-01-02-02-02-01-22,neutral
01-01-02-02-02-02-22,neutral
01-01-03-01-01-01-22,joy
01-01-03-01-01-02-22,joy
01-01-03-01-02-01-22,joy
01-01-03-01-02-02-22,joy
01-01-03-02-01-01-22,joy
01-01-03-02-01-02-22,joy
01-01-03-02-02-01-22,joy
01-01-03-02-02-02-22,joy
01-01-04-01-01-01-22,sadness
01-01-04-01-01-02-22,sadness
01-01-04-01-02-01-22,sadness
01-01-04-01-02-02-22,sadness
01-01-04-02-01-01-22,sadness
01-01-04-02-01-02-22,sadness
01-01-04-02-02-01-22,sadness
01-01-04-02-02-02-22,sadness
01-01-05-01-01-01-22,anger
01-01-05-01-01-02-22,anger
01-01-05-01-02-01-22,anger
01-01-05-01-02-02-22,anger
01-01-05-02-01-01-22,anger
01-01-05-02-01-02-22,anger
01-01-05-02-02-01-22,anger
01-01-05-02-02-02-22,anger
01-01-06-01-01-01-22,fear
01-01-06-01-01-02-22,fear
01-01-06-01-02-01-22,fear
01-01-06-01-02-02-22,fear
01-01-06-02-01-01-22,fear
01-01-06-02-01-02-22,fear
01-01-06-02-02-01-22,fear
01-01-06-02-02-02-22,fear
01-01-07-01-01-01-22,disgust
01-01-07-01-01-02-22,disgust
01-01-07-01-02-01-22,disgust
01-01-07-01-02-02-22,disgust
01-01-07-02-01-01-22,disgust
01-01-07-02-01-02-22,disgust
01-01-07-02-02-01-22,disgust
01-01-07-02-02-02-22,disgust
01-01-08-01-01-01-22,surprise
01-01-08-01-01-02-22,surprise
01-01-08-01-02-01-22,surprise
01-01-08-01-02-02-22,surprise
01-01-08-02-01-01-22,surprise
01-01-08-02-01-02-22,surprise
01-01-08-02-02-01-22,surprise
01-01-08-02-02-02-22,surprise
02-01-01-01-01-01-22,neutral
02-01-01-01-01-02-22,neutral
02-01-01-01-02-01-22,neutral
02-01-01-01-02-02-22,neutral
02-01-02-01-01-01-22,neutral
02-01-02-01-01-02-22,neutral
02-01-02-01-02-01-22,neutral
02-01-02-01-02-02-22,neutral
02-01-02-02-01-01-22,neutral
02-01-02-02-01-02-22,neutral
02-01-02-02-02-01-22,neutral
02-01-02-02-02-02-22,neutral
02-01-03-01-01-01-22,joy
02-01-03-01-01-02-22,joy
02-01-03-01-02-01-22,joy
02-01-03-01-02-02-22,joy
02-01-03-02-01-01-22,joy
02-01-03-02-01-02-22,joy
02-01-03-02-02-01-22,joy
02-01-03-02-02-02-22,joy
02-01-04-01-01-01-22,sadness
02-01-04-01-01-02-22,sadness
02-01-04-01-02-01-22,sadness
02-01-04-01-02-02-22,sadness
02-01-04-02-01-01-22,sadness
02-01-04-02-01-02-22,sadness
02-01-04-02-02-01-22,sadness
02-01-04-02-02-02-22,sadness
02-01-05-01-01-01-22,anger
02-01-05-01-01-02-22,anger
02-01-05-01-02-01-22,anger
02-01-05-01-02-02-22,anger
02-01-05-02-01-01-22,anger
02-01-05-02-01-02-22,anger
02-01-05-02-02-01-22,anger
02-01-05-02-02-02-22,anger
02-01-06-01-01-01-22,fear
02-01-06-01-01-02-22,fear
02-01-06-01-02-01-22,fear
02-01-06-01-02-02-22,fear
02-01-06-02-01-01-22,fear
02-01-06-02-01-02-22,fear
02-01-06-02-02-01-22,fear
02-01-06-02-02-02-22,fear
02-01-07-01-01-01-22,disgust
02-01-07-01-01-02-22,disgust
02-01-07-01-02-01-22,disgust
02-01-07-01-02-02-22,disgust
02-01-07-02-01-01-22,disgust
02-01-07-02-01-02-22,disgust
02-01-07-02-02-01-22,disgust
02-01-07-02-02-02-22,disgust
02-01-08-01-01-01-22,surprise
02-01-08-01-01-02-22,surprise
02-01-08-01-02-01-22,surprise
02-01-08-01-02-02-22,surprise
02-01-08-02-01-01-22,surprise
02-01-08-02-01-02-22,surprise
02-01-08-02-02-01-22,surprise
02-01-08-02-02-02-22,surprise
01-01-01-01-01-01-23,neutral
01-01-01-01-01-02-23,neutral
01-01-01-01-02-01-23,neutral
01-01-01-01-02-02-23,neutral
01-01-02-01-01-01-23,neutral
01-01-02-01-01-02-23,neutral
01-01-02-01-02-01-23,neutral
01-01-02-01-02-02-23,neutral
01-01-02-02-01-01-23,neutral
01-01-02-02-01-02-23,neutral
01-01-02-02-02-01-23,neutral
01-01-02-02-02-02-23,neutral
01-01-03-01-01-01-23,joy
01-01-03-01-01-02-23,joy
01-01-03-01-02-01-23,joy
01-01-03-01-02-02-23,joy
01-01-03-02-01-01-23,joy
01-01-03-02-01-02-23,joy
01-01-03-02-02-01-23,joy
01-01-03-02-02-02-23,joy
01-01-04-01-01-01-23,sadness
01-01-04-01-01-02-23,sadness
01-01-04-01-02-01-23,sadness
01-01-04-01-02-02-23,sadness
01-01-04-02-01-01-23,sadness
01-01-04-02-01-02-23,sadness
01-01-04-02-02-01-23,sadness
01-01-04-02-02-02-23,sadness
01-01-05-01-01-01-23,anger
01-01-05-01-01-02-23,anger
01-01-05-01-02-01-23,anger
01-01-05-01-02-02-23,anger
01-01-05-02-01-01-23,anger
01-01-05-02-01-02-23,anger
01-01-05-02-02-01-23,anger
01-01-05-02-02-02-23,anger
01-01-06-01-01-01-23,fear
01-01-06-01-01-02-23,fear
01-01-06-01-02-01-23,fear
01-01-06-01-02-02-23,fear
01-01-06-02-01-01-23,fear
01-01-06-02-01-02-23,fear
01-01-06-02-02-01-23,fear
01-01-06-02-02-02-23,fear
01-01-07-01-01-01-23,disgust
01-01-07-01-01-02-23,disgust
01-01-07-01-02-01-23,disgust
01-01-07-01-02-02-23,disgust
01-01-07-02-01-01-23,disgust
01-01-07-02-01-02-23,disgust
01-01-07-02-02-01-23,disgust
01-01-07-02-02-02-23,disgust
01-01-08-01-01-01-23,surprise
01-01-08-01-01-02-23,surprise
01-01-08-01-02-01-23,surprise
01-01-08-01-02-02-23,surprise
01-01-08-02-01-01-23,surprise
01-01-08-02-01-02-23,surprise
01-01-08-02-02-01-23,surprise
01-01-08-02-02-02-23,surprise
02-01-01-01-01-01-23,neutral
02-01-01-01-01-02-23,neutral
02-01-01-01-02-01-23,neutral
02-01-01-01-02-02-23,neutral
02-01-02-01-01-01-23,neutral
02-01-02-01-01-02-23,neutral
02-01-02-01-02-01-23,neutral
02-01-02-01-02-02-23,neutral
02-01-02-02-01-01-23,neutral
02-01-02-02-01-02-23,neutral
02-01-02-02-02-01-23,neutral
02-01-02-02-02-02-23,neutral
02-01-03-01-01-01-23,joy
02-01-03-01-01-02-23,joy
02-01-03-01-02-01-23,joy
02-01-03-01-02-02-23,joy
02-01-03-02-01-01-23,joy
02-01-03-02-01-02-23,joy
02-01-03-02-02-01-23,joy
02-01-03-02-02-02-23,joy
02-01-04-01-01-01-23,sadness
02-01-04-01-01-02-23,sadness
02-01-04-01-02-01-23,sadness
02-01-04-01-02-02-23,sadness
02-01-04-02-01-01-23,sadness
02-01-04-02-01-02-23,sadness
02-01-04-02-02-01-23,sadness
02-01-04-02-02-02-23,sadness
02-01-05-01-01-01-23,anger
02-01-05-01-01-02-23,anger
02-01-05-01-02-01-23,anger
02-01-05-01-02-02-23,anger
02-01-05-02-01-01-23,anger
02-01-05-02-01-02-23,anger
02-01-05-02-02-01-23,anger
02-01-05-02-02-02-23,anger
02-01-06-01-01-01-23,fear
02-01-06-01-01-02-23,fear
02-01-06-01-02-01-23,fear
02-01-06-01-02-02-23,fear
02-01-06-02-01-01-23,fear
02-01-06-02-01-02-23,fear
02-01-06-02-02-01-23,fear
02-01-06-02-02-02-23,fear
02-01-07-01-01-01-23,disgust
02-01-07-01-01-02-23,disgust
02-01-07-01-02-01-23,disgust
02-01-07-01-02-02-23,disgust
02-01-07-02-01-01-23,disgust
02-01-07-02-01-02-23,disgust
02-01-07-02-02-01-23,disgust
02-01-07-02-02-02-23,disgust
02-01-08-01-01-01-23,surprise
02-01-08-01-01-02-23,surprise
02-01-08-01-02-01-23,surprise
02-01-08-01-02-02-23,surprise
02-01-08-02-01-01-23,surprise
02-01-08-02-01-02-23,surprise
02-01-08-02-02-01-23,surprise
02-01-08-02-02-02-23,surprise
01-01-01-01-01-01-24,neutral
01-01-01-01-01-02-24,neutral
01-01-01-01-02-01-24,neutral
01-01-01-01-02-02-24,neutral
01-01-02-01-01-01-24,neutral
01-01-02-01-01-02-24,neutral
01-01-02-01-02-01-24,neutral
01-01-02-01-02-02-24,neutral
01-01-02-02-01-01-24,neutral
01-01-02-02-01-02-24,neutral
01-01-02-02-02-01-24,neutral
01-01-02-02-02-02-24,neutral
01-01-03-01-01-01-24,joy
01-01-03-01-01-02-24,joy
01-01-03-01-02-01-24,joy
01-01-03-01-02-02-24,joy
01-01-03-02-01-01-24,joy
01-01-03-02-01-02-24,joy
01-01-03-02-02-01-24,joy
01-01-03-02-02-02-24,joy
01-01-04-01-01-01-24,sadness
01-01-04-01-01-02-24,sadness
01-01-04-01-02-01-24,sadness
01-01-04-01-02-02-24,sadness
01-01-04-02-01-01-24,sadness
01-01-04-02-01-02-24,sadness
01-01-04-02-02-01-24,sadness
01-01-04-02-02-02-24,sadness
01-01-05-01-01-01-24,anger
01-01-05-01-01-02-24,anger
01-01-05-01-02-01-24,anger
01-01-05-01-02-02-24,anger
01-01-05-02-01-01-24,anger
01-01-05-02-01-02-24,anger
01-01-05-02-02-01-24,anger
01-01-05-02-02-02-24,anger
01-01-06-01-01-01-24,fear
01-01-06-01-01-02-24,fear
01-01-06-01-02-01-24,fear
01-01-06-01-02-02-24,fear
01-01-06-02-01-01-24,fear
01-01-06-02-01-02-24,fear
01-01-06-02-02-01-24,fear
01-01-06-02-02-02-24,fear
01-01-07-01-01-01-24,disgust
01-01-07-01-01-02-24,disgust
01-01-07-01-02-01-24,disgust
01-01-07-01-02-02-24,disgust
01-01-07-02-01-01-24,disgust
01-01-07-02-01-02-24,disgust
01-01-07-02-02-01-24,disgust
01-01-07-02-02-02-24,disgust
01-01-08-01-01-01-24,surprise
01-01-08-01-01-02-24,surprise
01-01-08-01-02-01-24,surprise
01-01-08-01-02-02-24,surprise
01-01-08-02-01-01-24,surprise
01-01-08-02-01-02-24,surprise
01-01-08-02-02-01-24,surprise
01-01-08-02-02-02-24,surprise
02-01-01-01-01-01-24,neutral
02-01-01-01-01-02-24,neutral
02-01-01-01-02-01-24,neutral
02-01-01-01-02-02-24,neutral
02-01-02-01-01-01-24,neutral
02-01-02-01-01-02-24,neutral
02-01-02-01-02-01-24,neutral
02-01-02-01-02-02-24,neutral
02-01-02-02-01-01-24,neutral
02-01-02-02-01-02-24,neutral
02-01-02-02-02-01-24,neutral
02-01-02-02-02-02-24,neutral
02-01-03-01-01-01-24,joy
02-01-03-01-01-02-24,joy
02-01-03-01-02-01-24,joy
02-01-03-01-02-02-24,joy
02-01-03-02-01-01-24,joy
02-01-03-02-01-02-24,joy
02-01-03-02-02-01-24,joy
02-01-03-02-02-02-24,joy
02-01-04-01-01-01-24,sadness
02-01-04-01-01-02-24,sadness
02-01-04-01-02-01-24,sadness
02-01-04-01-02-02-24,sadness
02-01-04-02-01-01-24,sadness
02-01-04-02-01-02-24,sadness
02-01-04-02-02-01-24,sadness
02-01-04-02-02-02-24,sadness
02-01-05-01-01-01-24,anger
02-01-05-01-01-02-24,anger
02-01-05-01-02-01-24,anger
02-01-05-01-02-02-24,anger
02-01-05-02-01-01-24,anger
02-01-05-02-01-02-24,anger
02-01-05-02-02-01-24,anger
02-01-05-02-02-02-24,anger
02-01-06-01-01-01-24,fear
02-01-06-01-01-02-24,fear
02-01-06-01-02-01-24,fear
02-01-06-01-02-02-24,fear
02-01-06-02-01-01-24,fear
02-01-06-02-01-02-24,fear
02-01-06-02-02-01-24,fear
02-01-06-02-02-02-24,fear
02-01-07-01-01-01-24,disgust
02-01-07-01-01-02-24,disgust
02-01-07-01-02-01-24,disgust
02-01-07-01-02-02-24,disgust
02-01-07-02-01-01-24,disgust
02-01-07-02-01-02-24,disgust
02-01-07-02-02-01-24,disgust
02-01-07-02-02-02-24,disgust
02-01-08-01-01-01-24,surprise
02-01-08-01-01-02-24,surprise
02-01-08-01-02-01-24,surprise
02-01-08-01-02-02-24,surprise
02-01-08-02-01-01-24,surprise
02-01-08-02-01-02-24,surprise
02-01-08-02-02-01-24,surprise
02-01-08-02-02-02-24,surprise
